Wavelength (nm),Spectral irradiance (W m-2 nm-1),Cumulative photon flux (cm-2 s-1)
280,4.72E-23,3.32449E-09
281,4.21425E-20,5.96106E-06
282,1.7665E-18,0.000256582
283,1.91575E-17,0.002984179
284,9.91325E-16,0.144625263
285,1.524E-14,2.329792448
286,2.87625E-13,43.71522587
287,4.299E-12,664.4472976
288,7.6575E-11,11759.62689
289,8.4075E-10,134001.3778
290,6.9425E-09,1146906.412
291,4.8175E-08,8199836.117
292,2.6775E-07,47533751.03
293,1.1025E-06,210051598.5
294,4.2875E-06,844222493.8
295,1.47175E-05,3028515542
296,0.0000486,10265919663
297,0.000112525,27079504285
298,0.00028025,69095700100
299,0.00054925,1.51718E+11
300,0.0010145,3.04836E+11
301,0.001925,5.96346E+11
302,0.0032,1.08254E+12
303,0.006875,2.13056E+12
304,0.009925,3.64852E+12
305,0.01585,6.08063E+12
306,0.019175,9.0326E+12
307,0.028025,1.33611E+13
308,0.03805,1.92572E+13
309,0.041325,2.56815E+13
310,0.052525,3.38733E+13
311,0.078625,4.61753E+13
312,0.092175,6.06438E+13
313,0.104925,7.71664E+13
314,0.11875,9.59257E+13
315,0.13,1.16528E+14
316,0.1285,1.36957E+14
317,0.1685,1.63829E+14
318,0.17925,1.92507E+14
319,0.197,2.24123E+14
320,0.2125,2.58334E+14
321,0.24575,2.98022E+14
322,0.22425,3.3435E+14
323,0.22225,3.70466E+14
324,0.27,4.14477E+14
325,0.29025,4.61935E+14
326,0.37225,5.22988E+14
327,0.396,5.88136E+14
328,0.36375,6.48161E+14
329,0.42,7.17679E+14
330,0.4585,7.93801E+14
331,0.412,8.62409E+14
332,0.43125,9.34441E+14
333,0.425,1.00564E+15
334,0.4195,1.07613E+15
335,0.4555,1.1529E+15
336,0.41525,1.2231E+15
337,0.3815,1.28778E+15
338,0.42975,1.36086E+15
339,0.46275,1.43978E+15
340,0.493,1.52411E+15
341,0.47675,1.6059E+15
342,0.4875,1.68978E+15
343,0.50425,1.77679E+15
344,0.43025,1.85126E+15
345,0.4515,1.92962E+15
346,0.48125,2.01339E+15
347,0.4865,2.09833E+15
348,0.47625,2.18171E+15
349,0.47175,2.26454E+15
350,0.52375,2.35676E+15
351,0.54875,2.45367E+15
352,0.51225,2.54438E+15
353,0.52425,2.63748E+15
354,0.59675,2.74376E+15
355,0.60475,2.85177E+15
356,0.55275,2.95077E+15
357,0.47225,3.03559E+15
358,0.42925,3.1129E+15
359,0.4745,3.19861E+15
360,0.58,3.30365E+15
361,0.5275,3.39946E+15
362,0.53925,3.49767E+15
363,0.59175,3.60573E+15
364,0.59825,3.71529E+15
365,0.63175,3.8313E+15
366,0.721,3.96406E+15
367,0.72075,4.09714E+15
368,0.675,4.22211E+15
369,0.6965,4.35141E+15
370,0.7325,4.48776E+15
371,0.69525,4.61753E+15
372,0.67625,4.7441E+15
373,0.60775,4.85814E+15
374,0.55425,4.96243E+15
375,0.59425,5.07454E+15
376,0.6645,5.20024E+15
377,0.7185,5.33652E+15
378,0.833,5.49493E+15
379,0.74525,5.63704E+15
380,0.703,5.77143E+15
381,0.73975,5.91323E+15
382,0.5905,6.02672E+15
383,0.46325,6.11598E+15
384,0.51675,6.21581E+15
385,0.6495,6.34161E+15
386,0.631,6.46415E+15
387,0.646,6.58993E+15
388,0.6345,6.71378E+15
389,0.6885,6.84853E+15
390,0.78725,7.00299E+15
391,0.84,7.16823E+15
392,0.777,7.32147E+15
393,0.49925,7.42018E+15
394,0.5125,7.52177E+15
395,0.7875,7.67826E+15
396,0.72875,7.82345E+15
397,0.50675,7.92466E+15
398,0.832,8.09126E+15
399,1.06,8.30404E+15
400,1.11375,8.52817E+15
401,1.15875,8.76194E+15
402,1.19,9.00261E+15
403,1.1675,9.23932E+15
404,1.17375,9.47789E+15
405,1.15,9.71221E+15
406,1.12125,9.94124E+15
407,1.10875,1.01683E+16
408,1.15375,1.04051E+16
409,1.1975,1.06515E+16
410,1.0875,1.08758E+16
411,1.16375,1.11165E+16
412,1.225,1.13704E+16
413,1.195,1.16187E+16
414,1.18625,1.18657E+16
415,1.22,1.21205E+16
416,1.25125,1.23823E+16
417,1.22625,1.26396E+16
418,1.18375,1.28885E+16
419,1.20125,1.31418E+16
420,1.15125,1.3385E+16
421,1.24875,1.36495E+16
422,1.2475,1.39144E+16
423,1.215,1.41729E+16
424,1.215,1.44321E+16
425,1.24,1.46972E+16
426,1.21,1.49566E+16
427,1.17625,1.52093E+16
428,1.1675,1.54606E+16
429,1.074,1.56925E+16
430,0.88925,1.58848E+16
431,0.868,1.6073E+16
432,1.24275,1.63431E+16
433,1.22875,1.66108E+16
434,1.15625,1.68633E+16
435,1.24125,1.71349E+16
436,1.34875,1.74308E+16
437,1.365,1.77309E+16
438,1.235,1.8003E+16
439,1.19875,1.82678E+16
440,1.325,1.85611E+16
441,1.34375,1.88592E+16
442,1.41125,1.9173E+16
443,1.4325,1.94923E+16
444,1.4125,1.98078E+16
445,1.43375,2.01288E+16
446,1.35125,2.0432E+16
447,1.46875,2.07623E+16
448,1.49875,2.11001E+16
449,1.5075,2.14406E+16
450,1.55875,2.17935E+16
451,1.595,2.21554E+16
452,1.535,2.25045E+16
453,1.45625,2.28364E+16
454,1.51625,2.31827E+16
455,1.5275,2.35324E+16
456,1.565,2.38914E+16
457,1.575,2.42535E+16
458,1.55125,2.4611E+16
459,1.53125,2.49646E+16
460,1.52875,2.53184E+16
461,1.57375,2.56834E+16
462,1.59,2.60529E+16
463,1.5925,2.64239E+16
464,1.55375,2.67866E+16
465,1.53625,2.7146E+16
466,1.5475,2.75088E+16
467,1.5075,2.7863E+16
468,1.55125,2.82282E+16
469,1.5525,2.85945E+16
470,1.51125,2.89519E+16
471,1.53625,2.93159E+16
472,1.5925,2.96941E+16
473,1.55875,3.0065E+16
474,1.565,3.04382E+16
475,1.5975,3.082E+16
476,1.5675,3.11953E+16
477,1.575,3.15733E+16
478,1.61,3.19605E+16
479,1.59625,3.23451E+16
480,1.6075,3.27333E+16
481,1.61125,3.31232E+16
482,1.61625,3.35152E+16
483,1.59875,3.39037E+16
484,1.5725,3.42866E+16
485,1.525,3.46587E+16
486,1.325,3.49827E+16
487,1.41625,3.53296E+16
488,1.51375,3.57013E+16
489,1.4825,3.6066E+16
490,1.59125,3.64583E+16
491,1.5575,3.6843E+16
492,1.50375,3.72152E+16
493,1.57125,3.7605E+16
494,1.56625,3.79942E+16
495,1.61875,3.83973E+16
496,1.57375,3.87901E+16
497,1.58125,3.91854E+16
498,1.555,3.9575E+16
499,1.54875,3.99638E+16
500,1.535,4.035E+16
501,1.49625,4.07271E+16
502,1.49875,4.11056E+16
503,1.5375,4.14947E+16
504,1.4775,4.18693E+16
505,1.55375,4.22641E+16
506,1.60375,4.26724E+16
507,1.55375,4.30687E+16
508,1.52375,4.34581E+16
509,1.56625,4.38592E+16
510,1.54875,4.42566E+16
511,1.57125,4.46605E+16
512,1.59375,4.5071E+16
513,1.52625,4.5465E+16
514,1.49125,4.58506E+16
515,1.525,4.62457E+16
516,1.50375,4.66361E+16
517,1.3175,4.69788E+16
518,1.41125,4.73465E+16
519,1.4125,4.77154E+16
520,1.505,4.81091E+16
521,1.5325,4.85108E+16
522,1.545,4.89165E+16
523,1.49625,4.93102E+16
524,1.5725,4.97248E+16
525,1.5675,5.01388E+16
526,1.51125,5.05387E+16
527,1.3875,5.09066E+16
528,1.515,5.1309E+16
529,1.58375,5.17305E+16
530,1.5575,5.21458E+16
531,1.6075,5.25753E+16
532,1.58,5.29982E+16
533,1.45625,5.33886E+16
534,1.51875,5.37967E+16
535,1.55625,5.42155E+16
536,1.595,5.46457E+16
537,1.51625,5.50553E+16
538,1.555,5.54762E+16
539,1.52875,5.58907E+16
540,1.47875,5.62925E+16
541,1.44375,5.66854E+16
542,1.53,5.71026E+16
543,1.53,5.75206E+16
544,1.56,5.79476E+16
545,1.54125,5.83702E+16
546,1.525,5.87891E+16
547,1.5325,5.92108E+16
548,1.51125,5.96274E+16
549,1.5425,6.00535E+16
550,1.54,6.04796E+16
551,1.53625,6.09055E+16
552,1.55875,6.13384E+16
553,1.53,6.1764E+16
554,1.5475,6.21953E+16
555,1.555,6.26295E+16
556,1.52875,6.30572E+16
557,1.5,6.34775E+16
558,1.51375,6.39025E+16
559,1.455,6.43116E+16
560,1.4775,6.47279E+16
561,1.53875,6.51622E+16
562,1.4975,6.55856E+16
563,1.52875,6.60186E+16
564,1.515,6.64485E+16
565,1.5075,6.6877E+16
566,1.45375,6.7291E+16
567,1.515,6.77231E+16
568,1.50875,6.81543E+16
569,1.48375,6.8579E+16
570,1.47375,6.90017E+16
571,1.44625,6.94171E+16
572,1.50125,6.98491E+16
573,1.5175,7.02866E+16
574,1.50625,7.07216E+16
575,1.47375,7.11479E+16
576,1.46625,7.15728E+16
577,1.48875,7.2005E+16
578,1.45875,7.24292E+16
579,1.47125,7.28577E+16
580,1.49625,7.32943E+16
581,1.50375,7.37339E+16
582,1.5275,7.41811E+16
583,1.53875,7.46325E+16
584,1.53875,7.50846E+16
585,1.52625,7.55338E+16
586,1.49875,7.59756E+16
587,1.5125,7.64223E+16
588,1.46875,7.68568E+16
589,1.325,7.72494E+16
590,1.37125,7.76564E+16
591,1.445,7.80861E+16
592,1.43625,7.85139E+16
593,1.44625,7.89453E+16
594,1.44,7.93757E+16
595,1.43625,7.98056E+16
596,1.465,8.02449E+16
597,1.46875,8.0686E+16
598,1.46125,8.11256E+16
599,1.46125,8.1566E+16
600,1.46625,8.20086E+16
601,1.45,8.2447E+16
602,1.43625,8.2882E+16
603,1.46,8.33249E+16
604,1.48625,8.37766E+16
605,1.48875,8.42297E+16
606,1.4825,8.46817E+16
607,1.4875,8.51359E+16
608,1.48,8.55887E+16
609,1.47,8.6039E+16
610,1.46125,8.64875E+16
611,1.4625,8.69371E+16
612,1.475,8.73912E+16
613,1.45625,8.78403E+16
614,1.42375,8.82801E+16
615,1.4575,8.87311E+16
616,1.4325,8.9175E+16
617,1.41875,8.96154E+16
618,1.455,9.00678E+16
619,1.46875,9.05252E+16
620,1.47125,9.09841E+16
621,1.47125,9.14438E+16
622,1.42625,9.18901E+16
623,1.41125,9.23324E+16
624,1.40875,9.27747E+16
625,1.40125,9.32153E+16
626,1.405,9.36578E+16
627,1.425,9.41073E+16
628,1.37625,9.45421E+16
629,1.40125,9.49855E+16
630,1.395,9.54277E+16
631,1.40125,9.58725E+16
632,1.3775,9.63105E+16
633,1.435,9.67675E+16
634,1.42625,9.72224E+16
635,1.43375,9.76805E+16
636,1.42,9.81348E+16
637,1.455,9.86011E+16
638,1.4675,9.90721E+16
639,1.4575,9.95407E+16
640,1.43375,1.00002E+17
641,1.43,1.00464E+17
642,1.4325,1.00926E+17
643,1.44625,1.01394E+17
644,1.4425,1.01861E+17
645,1.44375,1.0233E+17
646,1.41375,1.02789E+17
647,1.4,1.03245E+17
648,1.38625,1.03697E+17
649,1.35625,1.0414E+17
650,1.36875,1.04587E+17
651,1.4225,1.05053E+17
652,1.39375,1.05511E+17
653,1.42125,1.05977E+17
654,1.405,1.0644E+17
655,1.33625,1.0688E+17
656,1.20875,1.07279E+17
657,1.25,1.07692E+17
658,1.36375,1.08144E+17
659,1.39,1.08604E+17
660,1.3975,1.09069E+17
661,1.39,1.09531E+17
662,1.38125,1.09991E+17
663,1.38125,1.10451E+17
664,1.3925,1.10917E+17
665,1.41625,1.1139E+17
666,1.41875,1.11866E+17
667,1.41125,1.12339E+17
668,1.41375,1.12815E+17
669,1.43375,1.13297E+17
670,1.42125,1.13776E+17
671,1.40875,1.14252E+17
672,1.395,1.14723E+17
673,1.40625,1.152E+17
674,1.4,1.15674E+17
675,1.39375,1.16148E+17
676,1.40625,1.16626E+17
677,1.40125,1.17103E+17
678,1.39875,1.1758E+17
679,1.39125,1.18055E+17
680,1.39,1.18531E+17
681,1.39,1.19007E+17
682,1.38875,1.19484E+17
683,1.38,1.19958E+17
684,1.37125,1.2043E+17
685,1.36625,1.20901E+17
686,1.296875,1.21348E+17
687,1.03125,1.21705E+17
688,1.100625,1.22086E+17
689,1.1275,1.22476E+17
690,1.17875,1.22886E+17
691,1.22875,1.23313E+17
692,1.26375,1.23753E+17
693,1.25875,1.24192E+17
694,1.24625,1.24627E+17
695,1.265,1.25069E+17
696,1.27125,1.25514E+17
697,1.3275,1.2598E+17
698,1.31875,1.26443E+17
699,1.2925,1.26897E+17
700,1.27875,1.27348E+17
701,1.2625,1.27793E+17
702,1.26125,1.28238E+17
703,1.2725,1.28688E+17
704,1.29875,1.29148E+17
705,1.31625,1.29615E+17
706,1.31125,1.30081E+17
707,1.30875,1.30547E+17
708,1.3025,1.3101E+17
709,1.30875,1.31477E+17
710,1.31,1.31945E+17
711,1.30875,1.32413E+17
712,1.3,1.32879E+17
713,1.2925,1.33343E+17
714,1.29375,1.33807E+17
715,1.26625,1.34263E+17
716,1.2475,1.34712E+17
717,1.1125,1.35114E+17
718,1.025125,1.35484E+17
719,0.942375,1.35825E+17
720,0.987375,1.36182E+17
721,1.087875,1.36577E+17
722,1.2075,1.37016E+17
723,1.14125,1.37431E+17
724,1.06,1.37817E+17
725,1.04625,1.38199E+17
726,1.075,1.38591E+17
727,1.075,1.38984E+17
728,1.045,1.39367E+17
729,1.05125,1.39753E+17
730,1.11125,1.40161E+17
731,1.0875,1.40561E+17
732,1.145,1.40982E+17
733,1.19,1.41421E+17
734,1.2225,1.41873E+17
735,1.21125,1.42321E+17
736,1.20125,1.42765E+17
737,1.2025,1.43211E+17
738,1.21375,1.43662E+17
739,1.1975,1.44107E+17
740,1.215,1.44559E+17
741,1.21125,1.45011E+17
742,1.21375,1.45464E+17
743,1.2375,1.45927E+17
744,1.24875,1.46394E+17
745,1.24875,1.46862E+17
746,1.24125,1.47328E+17
747,1.24,1.47794E+17
748,1.23875,1.4826E+17
749,1.23125,1.48724E+17
750,1.23,1.49188E+17
751,1.23,1.49653E+17
752,1.22875,1.50118E+17
753,1.22375,1.50581E+17
754,1.23625,1.5105E+17
755,1.23,1.51518E+17
756,1.22125,1.51982E+17
757,1.22125,1.52447E+17
758,1.22375,1.52914E+17
759,1.079375,1.53326E+17
760,0.36675,1.53466E+17
761,0.234375,1.53556E+17
762,0.581,1.53779E+17
763,0.436375,1.53946E+17
764,0.5355,1.54152E+17
765,0.681625,1.54414E+17
766,0.815875,1.54729E+17
767,0.9685,1.55103E+17
768,1.093875,1.55525E+17
769,1.12375,1.5596E+17
770,1.15625,1.56408E+17
771,1.16875,1.56861E+17
772,1.17,1.57316E+17
773,1.17,1.57771E+17
774,1.17,1.58226E+17
775,1.17125,1.58683E+17
776,1.1775,1.59143E+17
777,1.17125,1.596E+17
778,1.17,1.60058E+17
779,1.16875,1.60516E+17
780,1.16125,1.60972E+17
781,1.16,1.61428E+17
782,1.16,1.61884E+17
783,1.15875,1.62341E+17
784,1.1525,1.62795E+17
785,1.15875,1.63253E+17
786,1.1575,1.63711E+17
787,1.14125,1.64163E+17
788,1.13,1.64611E+17
789,1.1175,1.65054E+17
790,1.095,1.65489E+17
791,1.0975,1.65926E+17
792,1.09,1.6636E+17
793,1.0825,1.66792E+17
794,1.08875,1.67227E+17
795,1.0875,1.67662E+17
796,1.075,1.68093E+17
797,1.09,1.6853E+17
798,1.105,1.68973E+17
799,1.09,1.69412E+17
800,1.07375,1.69844E+17
801,1.07875,1.70278E+17
802,1.0775,1.70713E+17
803,1.065,1.71143E+17
804,1.07375,1.71578E+17
805,1.05875,1.72007E+17
806,1.08375,1.72446E+17
807,1.08125,1.72885E+17
808,1.07625,1.73322E+17
809,1.05375,1.73751E+17
810,1.05,1.74179E+17
811,1.04625,1.74606E+17
812,1.0225,1.75024E+17
813,0.997625,1.75432E+17
814,0.913625,1.75806E+17
815,0.886125,1.76169E+17
816,0.84025,1.76514E+17
817,0.843,1.76861E+17
818,0.834,1.77204E+17
819,0.887125,1.7757E+17
820,0.8815,1.77933E+17
821,0.97225,1.78335E+17
822,0.92,1.78715E+17
823,0.738375,1.79021E+17
824,0.90375,1.79396E+17
825,0.958125,1.79793E+17
826,0.941875,1.80185E+17
827,0.95875,1.80584E+17
828,0.873875,1.80948E+17
829,0.91525,1.81329E+17
830,0.91575,1.81712E+17
831,0.916375,1.82095E+17
832,0.903375,1.82473E+17
833,0.943375,1.82868E+17
834,0.9425,1.83264E+17
835,0.987625,1.83679E+17
836,0.97875,1.8409E+17
837,1.00325,1.84513E+17
838,0.998,1.84934E+17
839,0.99925,1.85355E+17
840,1.0085,1.85782E+17
841,1.008,1.86208E+17
842,0.99675,1.8663E+17
843,0.997125,1.87053E+17
844,0.9885,1.87473E+17
845,1.007875,1.87901E+17
846,1.014875,1.88333E+17
847,0.992875,1.88756E+17
848,0.98825,1.89178E+17
849,0.97225,1.89593E+17
850,0.912625,1.89984E+17
851,0.96125,1.90395E+17
852,0.967,1.9081E+17
853,0.9485,1.91217E+17
854,0.87075,1.91591E+17
855,0.909875,1.91982E+17
856,0.964875,1.92398E+17
857,0.986625,1.92823E+17
858,0.989,1.9325E+17
859,0.9885,1.93677E+17
860,0.985375,1.94104E+17
861,0.985125,1.9453E+17
862,0.99175,1.9496E+17
863,0.9945,1.95392E+17
864,0.97675,1.95817E+17
865,0.947875,1.96229E+17
866,0.869375,1.96608E+17
867,0.910125,1.97005E+17
868,0.9495,1.9742E+17
869,0.950375,1.97835E+17
870,0.961,1.98256E+17
871,0.954375,1.98674E+17
872,0.961125,1.99096E+17
873,0.95325,1.99514E+17
874,0.93825,1.99927E+17
875,0.929,2.00336E+17
876,0.947125,2.00753E+17
877,0.95225,2.01173E+17
878,0.948375,2.01592E+17
879,0.936375,2.02006E+17
880,0.93275,2.02419E+17
881,0.912875,2.02824E+17
882,0.926625,2.03235E+17
883,0.92775,2.03647E+17
884,0.931125,2.04061E+17
885,0.935875,2.04478E+17
886,0.91,2.04884E+17
887,0.909125,2.05289E+17
888,0.92,2.057E+17
889,0.929125,2.06116E+17
890,0.922625,2.06529E+17
891,0.920625,2.06942E+17
892,0.90375,2.07347E+17
893,0.872625,2.07739E+17
894,0.847,2.0812E+17
895,0.809375,2.08485E+17
896,0.754375,2.08825E+17
897,0.6825,2.09133E+17
898,0.688375,2.09444E+17
899,0.59225,2.09712E+17
900,0.698125,2.10028E+17
901,0.62425,2.10311E+17
902,0.660125,2.1061E+17
903,0.70375,2.1093E+17
904,0.81925,2.11303E+17
905,0.813125,2.11673E+17
906,0.76125,2.1202E+17
907,0.655625,2.12319E+17
908,0.654875,2.12618E+17
909,0.685625,2.12932E+17
910,0.63825,2.13224E+17
911,0.66325,2.13528E+17
912,0.676875,2.13839E+17
913,0.63425,2.1413E+17
914,0.631625,2.1442E+17
915,0.657,2.14723E+17
916,0.60675,2.15002E+17
917,0.69175,2.15321E+17
918,0.626375,2.15611E+17
919,0.719375,2.15943E+17
920,0.745875,2.16289E+17
921,0.7635,2.16642E+17
922,0.713625,2.16973E+17
923,0.734375,2.17314E+17
924,0.72075,2.17649E+17
925,0.70925,2.1798E+17
926,0.7125,2.18311E+17
927,0.749875,2.18661E+17
928,0.607875,2.18945E+17
929,0.539875,2.19197E+17
930,0.443,2.19405E+17
931,0.397375,2.19591E+17
932,0.307,2.19735E+17
933,0.241375,2.19848E+17
934,0.1695,2.19928E+17
935,0.2255,2.20034E+17
936,0.172375,2.20115E+17
937,0.167375,2.20194E+17
938,0.220125,2.20298E+17
939,0.38225,2.20478E+17
940,0.448625,2.2069E+17
941,0.3875,2.20874E+17
942,0.384125,2.21056E+17
943,0.294625,2.21196E+17
944,0.294375,2.21335E+17
945,0.335125,2.21495E+17
946,0.237625,2.21608E+17
947,0.335875,2.21768E+17
948,0.312625,2.21917E+17
949,0.42225,2.22119E+17
950,0.232125,2.2223E+17
951,0.413375,2.22427E+17
952,0.304125,2.22573E+17
953,0.343625,2.22738E+17
954,0.402625,2.22931E+17
955,0.34875,2.23099E+17
956,0.3215,2.23253E+17
957,0.300875,2.23398E+17
958,0.425375,2.23603E+17
959,0.389625,2.23791E+17
960,0.418375,2.23993E+17
961,0.4525,2.24212E+17
962,0.45125,2.2443E+17
963,0.49025,2.24668E+17
964,0.4685,2.24895E+17
965,0.49625,2.25136E+17
966,0.501125,2.25379E+17
967,0.519625,2.25632E+17
968,0.635625,2.25942E+17
969,0.673375,2.2627E+17
970,0.64925,2.26587E+17
971,0.698875,2.26928E+17
972,0.679125,2.2726E+17
973,0.61125,2.2756E+17
974,0.579625,2.27844E+17
975,0.584,2.2813E+17
976,0.580625,2.28415E+17
977,0.625625,2.28723E+17
978,0.618875,2.29027E+17
979,0.629,2.29337E+17
980,0.620625,2.29643E+17
981,0.694875,2.29986E+17
982,0.68975,2.30327E+17
983,0.678375,2.30662E+17
984,0.720375,2.31019E+17
985,0.7,2.31366E+17
986,0.739625,2.31733E+17
987,0.738,2.32099E+17
988,0.73525,2.32465E+17
989,0.743125,2.32834E+17
990,0.73475,2.332E+17
991,0.748125,2.33573E+17
992,0.7475,2.33946E+17
993,0.738875,2.34316E+17
994,0.749625,2.3469E+17
995,0.749875,2.35066E+17
996,0.74625,2.3544E+17
997,0.739,2.3581E+17
998,0.737,2.3618E+17
999,0.73575,2.3655E+17
1000,0.7345,2.3692E+17
1001,0.738875,2.37292E+17
1002,0.72875,2.37659E+17
1003,0.729875,2.38027E+17
1004,0.71725,2.3839E+17
1005,0.689,2.38738E+17
1006,0.708875,2.39097E+17
1007,0.72325,2.39463E+17
1008,0.724125,2.39831E+17
1009,0.71875,2.40195E+17
1010,0.717625,2.4056E+17
1011,0.72,2.40926E+17
1012,0.717375,2.41292E+17
1013,0.7165,2.41657E+17
1014,0.717,2.42022E+17
1015,0.708,2.42384E+17
1016,0.707625,2.42746E+17
1017,0.703375,2.43106E+17
1018,0.7075,2.43468E+17
1019,0.691375,2.43822E+17
1020,0.696125,2.4418E+17
1021,0.698125,2.44538E+17
1022,0.690125,2.44893E+17
1023,0.691875,2.45249E+17
1024,0.690375,2.45605E+17
1025,0.694875,2.45963E+17
1026,0.693875,2.46321E+17
1027,0.6915,2.46679E+17
1028,0.690875,2.47036E+17
1029,0.685625,2.47391E+17
1030,0.687875,2.47747E+17
1031,0.685625,2.48103E+17
1032,0.684375,2.48458E+17
1033,0.676,2.4881E+17
1034,0.67775,2.49162E+17
1035,0.67975,2.49516E+17
1036,0.679125,2.4987E+17
1037,0.6735,2.50221E+17
1038,0.670875,2.50572E+17
1039,0.673,2.50924E+17
1040,0.6705,2.51274E+17
1041,0.67,2.51625E+17
1042,0.669125,2.51976E+17
1043,0.66425,2.52325E+17
1044,0.66525,2.52674E+17
1045,0.661125,2.53022E+17
1046,0.6485,2.53363E+17
1047,0.6545,2.53708E+17
1048,0.65975,2.54055E+17
1049,0.657,2.54402E+17
1050,0.6535,2.54747E+17
1051,0.6525,2.55092E+17
1052,0.64925,2.55436E+17
1053,0.647,2.55779E+17
1054,0.6455,2.56121E+17
1055,0.6465,2.56464E+17
1056,0.645,2.56807E+17
1057,0.642375,2.57149E+17
1058,0.6345,2.57486E+17
1059,0.6215,2.57817E+17
1060,0.63,2.58153E+17
1061,0.622375,2.58486E+17
1062,0.62825,2.58821E+17
1063,0.623375,2.59155E+17
1064,0.6285,2.59491E+17
1065,0.625875,2.59826E+17
1066,0.617,2.60157E+17
1067,0.618375,2.60489E+17
1068,0.614,2.60819E+17
1069,0.591375,2.61137E+17
1070,0.60225,2.61461E+17
1071,0.613375,2.61792E+17
1072,0.612625,2.62122E+17
1073,0.60575,2.62449E+17
1074,0.614125,2.62781E+17
1075,0.597375,2.63104E+17
1076,0.609,2.63434E+17
1077,0.604125,2.63761E+17
1078,0.60225,2.64088E+17
1079,0.602,2.64415E+17
1080,0.59475,2.64738E+17
1081,0.58225,2.65054E+17
1082,0.587875,2.65374E+17
1083,0.592625,2.65697E+17
1084,0.58125,2.66014E+17
1085,0.58525,2.66334E+17
1086,0.559375,2.66639E+17
1087,0.56675,2.66949E+17
1088,0.586125,2.6727E+17
1089,0.576625,2.67586E+17
1090,0.561125,2.67894E+17
1091,0.582,2.68213E+17
1092,0.572,2.68528E+17
1093,0.5215,2.68814E+17
1094,0.532,2.69107E+17
1095,0.51925,2.69393E+17
1096,0.5135,2.69676E+17
1097,0.55825,2.69984E+17
1098,0.511875,2.70267E+17
1099,0.50275,2.70545E+17
1100,0.48825,2.70815E+17
1101,0.491,2.71087E+17
1102,0.471125,2.71349E+17
1103,0.4655,2.71607E+17
1104,0.47075,2.71868E+17
1105,0.486625,2.72139E+17
1106,0.421125,2.72373E+17
1107,0.462875,2.72631E+17
1108,0.42225,2.72866E+17
1109,0.4205,2.73101E+17
1110,0.451375,2.73353E+17
1111,0.3595,2.73554E+17
1112,0.383875,2.73769E+17
1113,0.289875,2.73931E+17
1114,0.288875,2.74093E+17
1115,0.24925,2.74233E+17
1116,0.1918,2.7434E+17
1117,0.1118,2.74403E+17
1118,0.1868,2.74508E+17
1119,0.129625,2.74581E+17
1120,0.14375,2.74662E+17
1121,0.166675,2.74756E+17
1122,0.100175,2.74813E+17
1123,0.119675,2.7488E+17
1124,0.115,2.74946E+17
1125,0.127925,2.75018E+17
1126,0.076175,2.75061E+17
1127,0.1365375,2.75138E+17
1128,0.10705,2.75199E+17
1129,0.1006625,2.75256E+17
1130,0.102925,2.75315E+17
1131,0.259175,2.75462E+17
1132,0.23075,2.75594E+17
1133,0.149075,2.75679E+17
1134,0.05225,2.75709E+17
1135,0.03275,2.75727E+17
1136,0.1338,2.75804E+17
1137,0.256625,2.75951E+17
1138,0.225375,2.7608E+17
1139,0.28075,2.7624E+17
1140,0.252625,2.76385E+17
1141,0.204625,2.76503E+17
1142,0.231,2.76636E+17
1143,0.275375,2.76794E+17
1144,0.141875,2.76876E+17
1145,0.14325,2.76958E+17
1146,0.143375,2.77041E+17
1147,0.097625,2.77097E+17
1148,0.237125,2.77234E+17
1149,0.212375,2.77357E+17
1150,0.143375,2.7744E+17
1151,0.19825,2.77555E+17
1152,0.24025,2.77694E+17
1153,0.226375,2.77825E+17
1154,0.175125,2.77927E+17
1155,0.28675,2.78093E+17
1156,0.28825,2.78261E+17
1157,0.309375,2.78441E+17
1158,0.3145,2.78624E+17
1159,0.326625,2.78815E+17
1160,0.299875,2.7899E+17
1161,0.339625,2.79188E+17
1162,0.3635,2.79401E+17
1163,0.444,2.7966E+17
1164,0.407625,2.79899E+17
1165,0.387875,2.80127E+17
1166,0.380125,2.8035E+17
1167,0.40575,2.80588E+17
1168,0.417375,2.80833E+17
1169,0.425875,2.81083E+17
1170,0.451375,2.81349E+17
1171,0.449125,2.81614E+17
1172,0.45325,2.81881E+17
1173,0.44,2.82141E+17
1174,0.36525,2.82356E+17
1175,0.439625,2.82616E+17
1176,0.4715,2.82895E+17
1177,0.4575,2.83166E+17
1178,0.388375,2.83396E+17
1179,0.46125,2.8367E+17
1180,0.44625,2.83935E+17
1181,0.435625,2.84194E+17
1182,0.352875,2.84403E+17
1183,0.420375,2.84654E+17
1184,0.419625,2.84904E+17
1185,0.416375,2.85152E+17
1186,0.4645,2.85429E+17
1187,0.44175,2.85693E+17
1188,0.359125,2.85907E+17
1189,0.410625,2.86153E+17
1190,0.45325,2.86424E+17
1191,0.450375,2.86694E+17
1192,0.46625,2.86974E+17
1193,0.45725,2.87248E+17
1194,0.463375,2.87527E+17
1195,0.44675,2.87795E+17
1196,0.43775,2.88059E+17
1197,0.464875,2.88339E+17
1198,0.42975,2.88598E+17
1199,0.383,2.88829E+17
1200,0.43525,2.89091E+17
1201,0.437375,2.89356E+17
1202,0.435625,2.89619E+17
1203,0.424375,2.89876E+17
1204,0.379375,2.90106E+17
1205,0.432125,2.90368E+17
1206,0.468125,2.90652E+17
1207,0.43575,2.90916E+17
1208,0.42925,2.91177E+17
1209,0.42025,2.91433E+17
1210,0.44325,2.91703E+17
1211,0.42525,2.91962E+17
1212,0.429125,2.92224E+17
1213,0.458125,2.92503E+17
1214,0.436625,2.9277E+17
1215,0.4325,2.93034E+17
1216,0.458875,2.93315E+17
1217,0.455875,2.93594E+17
1218,0.455875,2.93873E+17
1219,0.448125,2.94148E+17
1220,0.456375,2.94428E+17
1221,0.461375,2.94712E+17
1222,0.450875,2.94989E+17
1223,0.444375,2.95262E+17
1224,0.44825,2.95538E+17
1225,0.46,2.95822E+17
1226,0.461875,2.96107E+17
1227,0.4405,2.96379E+17
1228,0.461,2.96663E+17
1229,0.465,2.96951E+17
1230,0.461375,2.97236E+17
1231,0.46875,2.97527E+17
1232,0.46425,2.97815E+17
1233,0.4565,2.98098E+17
1234,0.466375,2.98387E+17
1235,0.465125,2.98676E+17
1236,0.46675,2.98966E+17
1237,0.463375,2.99255E+17
1238,0.465625,2.99545E+17
1239,0.4615,2.99833E+17
1240,0.4595,3.00119E+17
1241,0.46075,3.00407E+17
1242,0.460375,3.00695E+17
1243,0.456375,3.0098E+17
1244,0.454375,3.01264E+17
1245,0.45525,3.01549E+17
1246,0.457375,3.01836E+17
1247,0.456375,3.02122E+17
1248,0.457,3.02409E+17
1249,0.457625,3.02697E+17
1250,0.455625,3.02983E+17
1251,0.4515,3.03268E+17
1252,0.449625,3.03551E+17
1253,0.446,3.03832E+17
1254,0.443375,3.04112E+17
1255,0.446875,3.04394E+17
1256,0.439625,3.04672E+17
1257,0.435875,3.04947E+17
1258,0.4405,3.05226E+17
1259,0.42875,3.05498E+17
1260,0.427,3.05768E+17
1261,0.410625,3.06029E+17
1262,0.397375,3.06281E+17
1263,0.394875,3.06532E+17
1264,0.37675,3.06772E+17
1265,0.3905,3.0702E+17
1266,0.38575,3.07266E+17
1267,0.384375,3.07511E+17
1268,0.355875,3.07738E+17
1269,0.278875,3.07916E+17
1270,0.371125,3.08153E+17
1271,0.4045,3.08412E+17
1272,0.4075,3.08673E+17
1273,0.405375,3.08932E+17
1274,0.40575,3.09192E+17
1275,0.410875,3.09456E+17
1276,0.41575,3.09723E+17
1277,0.4195,3.09992E+17
1278,0.42475,3.10265E+17
1279,0.423125,3.10538E+17
1280,0.420125,3.10808E+17
1281,0.408125,3.11071E+17
1282,0.38125,3.11317E+17
1283,0.4035,3.11577E+17
1284,0.418625,3.11848E+17
1285,0.423,3.12121E+17
1286,0.425,3.12396E+17
1287,0.421375,3.12669E+17
1288,0.417875,3.1294E+17
1289,0.409875,3.13206E+17
1290,0.412125,3.13473E+17
1291,0.413625,3.13742E+17
1292,0.39975,3.14002E+17
1293,0.408,3.14267E+17
1294,0.404125,3.1453E+17
1295,0.401875,3.14792E+17
1296,0.38775,3.15045E+17
1297,0.374875,3.15289E+17
1298,0.390375,3.15544E+17
1299,0.398125,3.15805E+17
1300,0.36,3.1604E+17
1301,0.363625,3.16278E+17
1302,0.3815,3.16528E+17
1303,0.345125,3.16754E+17
1304,0.316,3.16961E+17
1305,0.372625,3.17206E+17
1306,0.37325,3.17451E+17
1307,0.319875,3.17662E+17
1308,0.3455,3.17889E+17
1309,0.368,3.18131E+17
1310,0.3145,3.18339E+17
1311,0.32875,3.18556E+17
1312,0.32975,3.18773E+17
1313,0.31225,3.18979E+17
1314,0.29075,3.19172E+17
1315,0.290125,3.19364E+17
1316,0.31675,3.19573E+17
1317,0.315125,3.19782E+17
1318,0.321375,3.19995E+17
1319,0.27475,3.20178E+17
1320,0.26425,3.20353E+17
1321,0.293375,3.20548E+17
1322,0.292,3.20742E+17
1323,0.244375,3.20905E+17
1324,0.265625,3.21082E+17
1325,0.3085,3.21287E+17
1326,0.283375,3.21476E+17
1327,0.26375,3.21653E+17
1328,0.230875,3.21807E+17
1329,0.190625,3.21934E+17
1330,0.211875,3.22076E+17
1331,0.15475,3.2218E+17
1332,0.152125,3.22282E+17
1333,0.1915,3.2241E+17
1334,0.181,3.22532E+17
1335,0.21725,3.22677E+17
1336,0.186625,3.22803E+17
1337,0.168125,3.22916E+17
1338,0.176,3.23034E+17
1339,0.17525,3.23152E+17
1340,0.16925,3.23267E+17
1341,0.17075,3.23382E+17
1342,0.170625,3.23497E+17
1343,0.126925,3.23583E+17
1344,0.08605,3.23641E+17
1345,0.098425,3.23708E+17
1346,0.0646125,3.23751E+17
1347,0.0527625,3.23787E+17
1348,0.013025,3.23796E+17
1349,0.0146625,3.23806E+17
1350,0.0145875,3.23816E+17
1351,0.0056375,3.2382E+17
1352,0.0017125,3.23821E+17
1353,0.0003,3.23821E+17
1354,0.0002375,3.23821E+17
1355,0.0000375,3.23821E+17
1356,0.0000125,3.23821E+17
1357,0.000075,3.23821E+17
1358,0.0000125,3.23821E+17
1359,0,3.23821E+17
1360,0,3.23821E+17
1361,0,3.23821E+17
1362,0,3.23821E+17
1363,0,3.23821E+17
1364,0,3.23821E+17
1365,0,3.23821E+17
1366,0,3.23821E+17
1367,0,3.23821E+17
1368,0,3.23821E+17
1369,0,3.23821E+17
1370,0,3.23821E+17
1371,0,3.23821E+17
1372,0,3.23821E+17
1373,0.000025,3.23821E+17
1374,0.0001875,3.23821E+17
1375,0.0002875,3.23822E+17
1376,0.000275,3.23822E+17
1377,0.00025,3.23822E+17
1378,0.00085,3.23822E+17
1379,0.000225,3.23823E+17
1380,0.0000875,3.23823E+17
1381,0.0000125,3.23823E+17
1382,0,3.23823E+17
1383,0,3.23823E+17
1384,0,3.23823E+17
1385,0,3.23823E+17
1386,0.000025,3.23823E+17
1387,0.00015,3.23823E+17
1388,0.0001,3.23823E+17
1389,0.0005125,3.23823E+17
1390,0.0004875,3.23824E+17
1391,0.0002875,3.23824E+17
1392,0.00005,3.23824E+17
1393,0.0000875,3.23824E+17
1394,0.0000875,3.23824E+17
1395,0.0000125,3.23824E+17
1396,0,3.23824E+17
1397,0.0001625,3.23824E+17
1398,0.001075,3.23825E+17
1399,0.0007625,3.23825E+17
1400,0.0001,3.23825E+17
1401,0.000225,3.23826E+17
1402,0.00165,3.23827E+17
1403,0.0021125,3.23828E+17
1404,0.000825,3.23829E+17
1405,0.0003375,3.23829E+17
1406,0.001525,3.2383E+17
1407,0.0006,3.23831E+17
1408,0.0013,3.23831E+17
1409,0.0007125,3.23832E+17
1410,0.0007125,3.23833E+17
1411,0.0019625,3.23834E+17
1412,0.005125,3.23838E+17
1413,0.01785,3.2385E+17
1414,0.0032375,3.23853E+17
1415,0.0046375,3.23856E+17
1416,0.0281125,3.23876E+17
1417,0.0149,3.23886E+17
1418,0.01185,3.23895E+17
1419,0.0042875,3.23898E+17
1420,0.00755,3.23903E+17
1421,0.013625,3.23913E+17
1422,0.0369375,3.2394E+17
1423,0.0147875,3.2395E+17
1424,0.01705,3.23962E+17
1425,0.024925,3.2398E+17
1426,0.030175,3.24002E+17
1427,0.041075,3.24031E+17
1428,0.0142875,3.24042E+17
1429,0.0366625,3.24068E+17
1430,0.0570375,3.24109E+17
1431,0.0454875,3.24142E+17
1432,0.0125875,3.24151E+17
1433,0.0297,3.24172E+17
1434,0.0228125,3.24189E+17
1435,0.0234375,3.24206E+17
1436,0.03505,3.24231E+17
1437,0.028775,3.24252E+17
1438,0.0199875,3.24266E+17
1439,0.0447625,3.24299E+17
1440,0.03995,3.24328E+17
1441,0.0332375,3.24352E+17
1442,0.036725,3.24378E+17
1443,0.0459,3.24412E+17
1444,0.0580125,3.24454E+17
1445,0.047775,3.24488E+17
1446,0.0279625,3.24509E+17
1447,0.044325,3.24541E+17
1448,0.1035125,3.24617E+17
1449,0.0942875,3.24685E+17
1450,0.034625,3.24711E+17
1451,0.0195875,3.24725E+17
1452,0.0582625,3.24767E+17
1453,0.086175,3.2483E+17
1454,0.1212125,3.24919E+17
1455,0.0776625,3.24976E+17
1456,0.0891,3.25041E+17
1457,0.1157875,3.25126E+17
1458,0.137,3.25227E+17
1459,0.1499,3.25337E+17
1460,0.095525,3.25407E+17
1461,0.0944,3.25476E+17
1462,0.1141375,3.2556E+17
1463,0.06745,3.2561E+17
1464,0.130275,3.25706E+17
1465,0.096825,3.25777E+17
1466,0.064875,3.25825E+17
1467,0.0446375,3.25858E+17
1468,0.0738375,3.25912E+17
1469,0.086725,3.25976E+17
1470,0.051175,3.26014E+17
1471,0.0253625,3.26033E+17
1472,0.045925,3.26067E+17
1473,0.0704625,3.26119E+17
1474,0.104575,3.26197E+17
1475,0.1587125,3.26315E+17
1476,0.0831375,3.26376E+17
1477,0.0686125,3.26427E+17
1478,0.0711625,3.2648E+17
1479,0.105475,3.26559E+17
1480,0.07475,3.26614E+17
1481,0.1011,3.2669E+17
1482,0.0766,3.26747E+17
1483,0.1354125,3.26848E+17
1484,0.136875,3.2695E+17
1485,0.12625,3.27044E+17
1486,0.1154375,3.27131E+17
1487,0.0724875,3.27185E+17
1488,0.1016125,3.27261E+17
1489,0.1752375,3.27392E+17
1490,0.17875,3.27526E+17
1491,0.19,3.27669E+17
1492,0.17025,3.27797E+17
1493,0.181625,3.27933E+17
1494,0.197625,3.28082E+17
1495,0.182875,3.28219E+17
1496,0.17725,3.28352E+17
1497,0.215625,3.28515E+17
1498,0.197375,3.28664E+17
1499,0.217625,3.28828E+17
1500,0.24775,3.29015E+17
1501,0.259125,3.2921E+17
1502,0.230875,3.29385E+17
1503,0.187125,3.29526E+17
1504,0.166,3.29652E+17
1505,0.190125,3.29796E+17
1506,0.2475,3.29983E+17
1507,0.252875,3.30175E+17
1508,0.2365,3.30355E+17
1509,0.2035,3.30509E+17
1510,0.25875,3.30706E+17
1511,0.26425,3.30907E+17
1512,0.25825,3.31103E+17
1513,0.242125,3.31287E+17
1514,0.232125,3.31464E+17
1515,0.258875,3.31661E+17
1516,0.25625,3.31857E+17
1517,0.250125,3.32048E+17
1518,0.249875,3.32239E+17
1519,0.247375,3.32428E+17
1520,0.26275,3.32629E+17
1521,0.271375,3.32836E+17
1522,0.266375,3.3304E+17
1523,0.2765,3.33252E+17
1524,0.273375,3.33462E+17
1525,0.26125,3.33662E+17
1526,0.265125,3.33866E+17
1527,0.264,3.34068E+17
1528,0.275875,3.3428E+17
1529,0.27075,3.34489E+17
1530,0.258875,3.34688E+17
1531,0.268375,3.34895E+17
1532,0.276625,3.35108E+17
1533,0.27525,3.3532E+17
1534,0.26875,3.35528E+17
1535,0.26725,3.35734E+17
1536,0.272875,3.35945E+17
1537,0.272875,3.36156E+17
1538,0.271375,3.36366E+17
1539,0.270875,3.36576E+17
1540,0.2655,3.36781E+17
1541,0.267625,3.36989E+17
1542,0.269125,3.37198E+17
1543,0.27075,3.37408E+17
1544,0.271625,3.37619E+17
1545,0.275125,3.37833E+17
1546,0.274,3.38046E+17
1547,0.2715,3.38257E+17
1548,0.267625,3.38465E+17
1549,0.271625,3.38677E+17
1550,0.269625,3.38887E+17
1551,0.27,3.39098E+17
1552,0.270875,3.3931E+17
1553,0.270125,3.39521E+17
1554,0.26525,3.39728E+17
1555,0.266,3.39936E+17
1556,0.263625,3.40142E+17
1557,0.26875,3.40353E+17
1558,0.268125,3.40563E+17
1559,0.266875,3.40772E+17
1560,0.26575,3.40981E+17
1561,0.26825,3.41192E+17
1562,0.267125,3.41402E+17
1563,0.265625,3.41611E+17
1564,0.263125,3.41818E+17
1565,0.26575,3.42027E+17
1566,0.262625,3.42234E+17
1567,0.261375,3.4244E+17
1568,0.25725,3.42643E+17
1569,0.25275,3.42842E+17
1570,0.24175,3.43033E+17
1571,0.23525,3.43219E+17
1572,0.236125,3.43406E+17
1573,0.2345,3.43591E+17
1574,0.23975,3.43781E+17
1575,0.240125,3.43972E+17
1576,0.24125,3.44163E+17
1577,0.221375,3.44338E+17
1578,0.232625,3.44523E+17
1579,0.236875,3.44711E+17
1580,0.2435,3.44905E+17
1581,0.246625,3.45101E+17
1582,0.242625,3.45294E+17
1583,0.246375,3.4549E+17
1584,0.249125,3.45689E+17
1585,0.256375,3.45893E+17
1586,0.255,3.46097E+17
1587,0.252125,3.46298E+17
1588,0.248,3.46496E+17
1589,0.235375,3.46684E+17
1590,0.239875,3.46876E+17
1591,0.242375,3.4707E+17
1592,0.251375,3.47272E+17
1593,0.257,3.47478E+17
1594,0.2565,3.47683E+17
1595,0.256,3.47889E+17
1596,0.246,3.48086E+17
1597,0.24675,3.48284E+17
1598,0.251375,3.48487E+17
1599,0.242125,3.48681E+17
1600,0.23575,3.48871E+17
1601,0.224875,3.49052E+17
1602,0.22375,3.49233E+17
1603,0.22375,3.49413E+17
1604,0.228375,3.49597E+17
1605,0.235625,3.49788E+17
1606,0.23925,3.49981E+17
1607,0.23275,3.50169E+17
1608,0.229125,3.50354E+17
1609,0.226,3.50537E+17
1610,0.219375,3.50715E+17
1611,0.225375,3.50898E+17
1612,0.230375,3.51085E+17
1613,0.23625,3.51276E+17
1614,0.238125,3.5147E+17
1615,0.2385,3.51663E+17
1616,0.23175,3.51852E+17
1617,0.234625,3.52043E+17
1618,0.2415,3.52239E+17
1619,0.239625,3.52434E+17
1620,0.23475,3.52626E+17
1621,0.234375,3.52817E+17
1622,0.23725,3.53011E+17
1623,0.241375,3.53208E+17
1624,0.241375,3.53405E+17
1625,0.237875,3.53599E+17
1626,0.238875,3.53795E+17
1627,0.24,3.53991E+17
1628,0.240875,3.54188E+17
1629,0.240375,3.54385E+17
1630,0.23675,3.5458E+17
1631,0.237,3.54774E+17
1632,0.237125,3.54969E+17
1633,0.23275,3.5516E+17
1634,0.232125,3.55351E+17
1635,0.233125,3.55543E+17
1636,0.233625,3.55735E+17
1637,0.22625,3.55921E+17
1638,0.22,3.56103E+17
1639,0.21925,3.56283E+17
1640,0.216125,3.56462E+17
1641,0.218625,3.56642E+17
1642,0.21925,3.56823E+17
1643,0.216625,3.57002E+17
1644,0.221375,3.57185E+17
1645,0.2185,3.57366E+17
1646,0.218375,3.57547E+17
1647,0.224375,3.57733E+17
1648,0.217625,3.57913E+17
1649,0.218625,3.58095E+17
1650,0.222,3.58279E+17
1651,0.212,3.58455E+17
1652,0.221,3.58639E+17
1653,0.22125,3.58823E+17
1654,0.21675,3.59003E+17
1655,0.220875,3.59187E+17
1656,0.2205,3.59371E+17
1657,0.222,3.59556E+17
1658,0.223375,3.59742E+17
1659,0.221625,3.59927E+17
1660,0.22275,3.60113E+17
1661,0.222375,3.60299E+17
1662,0.219125,3.60482E+17
1663,0.22125,3.60667E+17
1664,0.219125,3.60851E+17
1665,0.208,3.61025E+17
1666,0.186125,3.61181E+17
1667,0.2065,3.61354E+17
1668,0.213625,3.61534E+17
1669,0.215625,3.61715E+17
1670,0.219875,3.61899E+17
1671,0.2175,3.62082E+17
1672,0.2125,3.62261E+17
1673,0.21525,3.62442E+17
1674,0.214875,3.62623E+17
1675,0.213,3.62803E+17
1676,0.211375,3.62981E+17
1677,0.2115,3.63159E+17
1678,0.20975,3.63336E+17
1679,0.21075,3.63514E+17
1680,0.2045,3.63687E+17
1681,0.1965,3.63853E+17
1682,0.202625,3.64025E+17
1683,0.20675,3.642E+17
1684,0.2005,3.6437E+17
1685,0.210625,3.64548E+17
1686,0.209625,3.64726E+17
1687,0.2055,3.64901E+17
1688,0.208875,3.65078E+17
1689,0.207125,3.65254E+17
1690,0.20375,3.65427E+17
1691,0.19625,3.65594E+17
1692,0.20575,3.65769E+17
1693,0.209625,3.65948E+17
1694,0.2055,3.66123E+17
1695,0.208375,3.66301E+17
1696,0.2055,3.66476E+17
1697,0.18775,3.66636E+17
1698,0.2035,3.6681E+17
1699,0.2045,3.66985E+17
1700,0.2,3.67156E+17
1701,0.201,3.67328E+17
1702,0.2025,3.67501E+17
1703,0.201,3.67674E+17
1704,0.199,3.67844E+17
1705,0.197,3.68013E+17
1706,0.195,3.68181E+17
1707,0.193,3.68346E+17
1708,0.191,3.6851E+17
1709,0.189,3.68673E+17
1710,0.1873,3.68834E+17
1711,0.1874,3.68995E+17
1712,0.1878,3.69157E+17
1713,0.1882,3.69319E+17
1714,0.1886,3.69482E+17
1715,0.188875,3.69645E+17
1716,0.1884,3.69808E+17
1717,0.1878,3.6997E+17
1718,0.1872,3.70132E+17
1719,0.1866,3.70293E+17
1720,0.185875,3.70454E+17
1721,0.1844,3.70613E+17
1722,0.1828,3.70772E+17
1723,0.1812,3.70929E+17
1724,0.1796,3.71085E+17
1725,0.1781,3.71239E+17
1726,0.1772,3.71393E+17
1727,0.1764,3.71546E+17
1728,0.1756,3.71699E+17
1729,0.1748,3.71851E+17
1730,0.173775,3.72002E+17
1731,0.1714,3.72152E+17
1732,0.1688,3.72299E+17
1733,0.1662,3.72444E+17
1734,0.1636,3.72586E+17
1735,0.1615,3.72727E+17
1736,0.1624,3.72869E+17
1737,0.1638,3.73012E+17
1738,0.1652,3.73157E+17
1739,0.1666,3.73302E+17
1740,0.167475,3.73449E+17
1741,0.1652,3.73594E+17
1742,0.1624,3.73736E+17
1743,0.1596,3.73876E+17
1744,0.1568,3.74014E+17
1745,0.154625,3.74149E+17
1746,0.1562,3.74287E+17
1747,0.1584,3.74426E+17
1748,0.1606,3.74567E+17
1749,0.1628,3.7471E+17
1750,0.164425,3.74855E+17
1751,0.1626,3.74998E+17
1752,0.1602,3.75139E+17
1753,0.1578,3.75279E+17
1754,0.1554,3.75416E+17
1755,0.153475,3.75551E+17
1756,0.1544,3.75688E+17
1757,0.1558,3.75825E+17
1758,0.1572,3.75964E+17
1759,0.1586,3.76105E+17
1760,0.15915,3.76246E+17
1761,0.1546,3.76383E+17
1762,0.1492,3.76515E+17
1763,0.1438,3.76643E+17
1764,0.1384,3.76765E+17
1765,0.133875,3.76884E+17
1766,0.1346,3.77004E+17
1767,0.1362,3.77125E+17
1768,0.1378,3.77247E+17
1769,0.1394,3.77372E+17
1770,0.14015,3.77496E+17
1771,0.1358,3.77617E+17
1772,0.1306,3.77734E+17
1773,0.1254,3.77846E+17
1774,0.1202,3.77953E+17
1775,0.115275,3.78056E+17
1776,0.112,3.78156E+17
1777,0.109,3.78253E+17
1778,0.106,3.78348E+17
1779,0.103,3.7844E+17
1780,0.099795,3.7853E+17
1781,0.09536,3.78615E+17
1782,0.09072,3.78696E+17
1783,0.08608,3.78774E+17
1784,0.08144,3.78847E+17
1785,0.077675,3.78917E+17
1786,0.07916,3.78988E+17
1787,0.08152,3.79061E+17
1788,0.08388,3.79136E+17
1789,0.08624,3.79214E+17
1790,0.08726,3.79293E+17
1791,0.08024,3.79365E+17
1792,0.07188,3.7943E+17
1793,0.06352,3.79487E+17
1794,0.05516,3.79537E+17
1795,0.0474675,3.7958E+17
1796,0.04378,3.79619E+17
1797,0.04076,3.79656E+17
1798,0.03774,3.7969E+17
1799,0.03472,3.79722E+17
1800,0.031655,3.7975E+17
1801,0.02832,3.79776E+17
1802,0.02494,3.79799E+17
1803,0.02156,3.79818E+17
1804,0.01818,3.79835E+17
1805,0.015095,3.79848E+17
1806,0.01378,3.79861E+17
1807,0.01276,3.79872E+17
1808,0.01174,3.79883E+17
1809,0.01072,3.79893E+17
1810,0.0096675,3.79902E+17
1811,0.00842,3.79909E+17
1812,0.00714,3.79916E+17
1813,0.00586,3.79921E+17
1814,0.00458,3.79925E+17
1815,0.0034025,3.79929E+17
1816,0.00284,3.79931E+17
1817,0.00238,3.79933E+17
1818,0.00192,3.79935E+17
1819,0.00146,3.79936E+17
1820,0.001065,3.79937E+17
1821,0.00106,3.79938E+17
1822,0.00112,3.79939E+17
1823,0.00118,3.7994E+17
1824,0.00124,3.79942E+17
1825,0.00126,3.79943E+17
1826,0.00104,3.79944E+17
1827,0.00078,3.79944E+17
1828,0.00052,3.79945E+17
1829,0.00026,3.79945E+17
1830,0.0000325,3.79945E+17
1831,0,3.79945E+17
1832,0,3.79945E+17
1833,0,3.79945E+17
1834,0,3.79945E+17
1835,0,3.79945E+17
1836,0,3.79945E+17
1837,0,3.79945E+17
1838,0,3.79945E+17
1839,0,3.79945E+17
1840,0,3.79945E+17
1841,0,3.79945E+17
1842,0,3.79945E+17
1843,0,3.79945E+17
1844,0,3.79945E+17
1845,0,3.79945E+17
1846,0,3.79945E+17
1847,0,3.79945E+17
1848,0,3.79945E+17
1849,0,3.79945E+17
1850,0,3.79945E+17
1851,0,3.79945E+17
1852,0,3.79945E+17
1853,0,3.79945E+17
1854,0,3.79945E+17
1855,0,3.79945E+17
1856,0,3.79945E+17
1857,0,3.79945E+17
1858,0,3.79945E+17
1859,0,3.79945E+17
1860,0,3.79945E+17
1861,0,3.79945E+17
1862,0,3.79945E+17
1863,0,3.79945E+17
1864,0,3.79945E+17
1865,0,3.79945E+17
1866,0,3.79945E+17
1867,0,3.79945E+17
1868,0,3.79945E+17
1869,0,3.79945E+17
1870,0,3.79945E+17
1871,0,3.79945E+17
1872,0,3.79945E+17
1873,0,3.79945E+17
1874,0,3.79945E+17
1875,0.0000025,3.79945E+17
1876,0.00002,3.79945E+17
1877,0.00004,3.79945E+17
1878,0.00006,3.79945E+17
1879,0.00008,3.79945E+17
1880,0.000095,3.79945E+17
1881,0.00008,3.79946E+17
1882,0.00006,3.79946E+17
1883,0.00004,3.79946E+17
1884,0.00002,3.79946E+17
1885,0.0000075,3.79946E+17
1886,0.00004,3.79946E+17
1887,0.00008,3.79946E+17
1888,0.00012,3.79946E+17
1889,0.00016,3.79946E+17
1890,0.0001925,3.79946E+17
1891,0.00018,3.79946E+17
1892,0.00016,3.79947E+17
1893,0.00014,3.79947E+17
1894,0.00012,3.79947E+17
1895,0.0001,3.79947E+17
1896,0.00008,3.79947E+17
1897,0.00006,3.79947E+17
1898,0.00004,3.79947E+17
1899,0.00002,3.79947E+17
1900,0.0000025,3.79947E+17
1901,0,3.79947E+17
1902,0,3.79947E+17
1903,0,3.79947E+17
1904,0,3.79947E+17
1905,0,3.79947E+17
1906,0,3.79947E+17
1907,0,3.79947E+17
1908,0,3.79947E+17
1909,0,3.79947E+17
1910,0,3.79947E+17
1911,0,3.79947E+17
1912,0,3.79947E+17
1913,0,3.79947E+17
1914,0,3.79947E+17
1915,0.00001,3.79947E+17
1916,0.00008,3.79947E+17
1917,0.00016,3.79947E+17
1918,0.00024,3.79948E+17
1919,0.00032,3.79948E+17
1920,0.0004025,3.79948E+17
1921,0.0005,3.79949E+17
1922,0.0006,3.79949E+17
1923,0.0007,3.7995E+17
1924,0.0008,3.79951E+17
1925,0.00088,3.79952E+17
1926,0.00084,3.79952E+17
1927,0.00078,3.79953E+17
1928,0.00072,3.79954E+17
1929,0.00066,3.79955E+17
1930,0.0006825,3.79955E+17
1931,0.0012,3.79956E+17
1932,0.0018,3.79958E+17
1933,0.0024,3.7996E+17
1934,0.003,3.79963E+17
1935,0.0035175,3.79967E+17
1936,0.00354,3.7997E+17
1937,0.00348,3.79974E+17
1938,0.00342,3.79977E+17
1939,0.00336,3.7998E+17
1940,0.003495,3.79984E+17
1941,0.0048,3.79988E+17
1942,0.0063,3.79994E+17
1943,0.0078,3.80002E+17
1944,0.0093,3.80011E+17
1945,0.01076,3.80022E+17
1946,0.01198,3.80033E+17
1947,0.01316,3.80046E+17
1948,0.01434,3.8006E+17
1949,0.01552,3.80076E+17
1950,0.016385,3.80092E+17
1951,0.01536,3.80107E+17
1952,0.01402,3.80121E+17
1953,0.01268,3.80133E+17
1954,0.01134,3.80144E+17
1955,0.0104625,3.80154E+17
1956,0.01236,3.80167E+17
1957,0.01472,3.80181E+17
1958,0.01708,3.80198E+17
1959,0.01944,3.80217E+17
1960,0.0216725,3.80238E+17
1961,0.02314,3.80261E+17
1962,0.02448,3.80285E+17
1963,0.02582,3.80311E+17
1964,0.02716,3.80338E+17
1965,0.0288375,3.80366E+17
1966,0.03254,3.80398E+17
1967,0.03658,3.80435E+17
1968,0.04062,3.80475E+17
1969,0.04466,3.80519E+17
1970,0.04867,3.80567E+17
1971,0.0525,3.80619E+17
1972,0.0563,3.80675E+17
1973,0.0601,3.80735E+17
1974,0.0639,3.80798E+17
1975,0.067415,3.80865E+17
1976,0.06922,3.80934E+17
1977,0.07074,3.81005E+17
1978,0.07226,3.81076E+17
1979,0.07378,3.8115E+17
1980,0.0752975,3.81225E+17
1981,0.0768,3.81301E+17
1982,0.0783,3.8138E+17
1983,0.0798,3.81459E+17
1984,0.0813,3.8154E+17
1985,0.0826775,3.81623E+17
1986,0.08332,3.81706E+17
1987,0.08384,3.8179E+17
1988,0.08436,3.81874E+17
1989,0.08488,3.81959E+17
1990,0.085225,3.82045E+17
1991,0.08452,3.82129E+17
1992,0.08364,3.82213E+17
1993,0.08276,3.82296E+17
1994,0.08188,3.82378E+17
1995,0.080035,3.82458E+17
1996,0.0724,3.82531E+17
1997,0.0638,3.82595E+17
1998,0.0552,3.82651E+17
1999,0.0466,3.82698E+17
2000,0.0385,3.82736E+17
2001,0.0334,3.8277E+17
2002,0.0288,3.82799E+17
2003,0.0242,3.82823E+17
2004,0.0196,3.82843E+17
2005,0.01619,3.82859E+17
2006,0.01992,3.8288E+17
2007,0.02484,3.82905E+17
2008,0.02976,3.82935E+17
2009,0.03468,3.8297E+17
2010,0.03866,3.83009E+17
2011,0.037,3.83046E+17
2012,0.0344,3.83081E+17
2013,0.0318,3.83113E+17
2014,0.0292,3.83143E+17
2015,0.0273825,3.83171E+17
2016,0.03026,3.83201E+17
2017,0.03392,3.83236E+17
2018,0.03758,3.83274E+17
2019,0.04124,3.83316E+17
2020,0.045165,3.83362E+17
2021,0.05068,3.83413E+17
2022,0.05646,3.83471E+17
2023,0.06224,3.83534E+17
2024,0.06802,3.83603E+17
2025,0.0733475,3.83678E+17
2026,0.07596,3.83755E+17
2027,0.07812,3.83835E+17
2028,0.08028,3.83917E+17
2029,0.08244,3.84001E+17
2030,0.0846175,3.84088E+17
2031,0.0869,3.84176E+17
2032,0.0892,3.84268E+17
2033,0.0915,3.84361E+17
2034,0.0938,3.84457E+17
2035,0.0956475,3.84555E+17
2036,0.09478,3.84652E+17
2037,0.09346,3.84748E+17
2038,0.09214,3.84842E+17
2039,0.09082,3.84936E+17
2040,0.0896975,3.85028E+17
2041,0.08976,3.8512E+17
2042,0.09002,3.85212E+17
2043,0.09028,3.85305E+17
2044,0.09054,3.85398E+17
2045,0.09019,3.85491E+17
2046,0.08618,3.8558E+17
2047,0.08156,3.85664E+17
2048,0.07694,3.85743E+17
2049,0.07232,3.85818E+17
2050,0.0679525,3.85888E+17
2051,0.0651,3.85955E+17
2052,0.0625,3.86019E+17
2053,0.0599,3.86081E+17
2054,0.0573,3.8614E+17
2055,0.0553825,3.86198E+17
2056,0.05756,3.86257E+17
2057,0.06042,3.8632E+17
2058,0.06328,3.86385E+17
2059,0.06614,3.86454E+17
2060,0.06846,3.86525E+17
2061,0.06754,3.86595E+17
2062,0.06608,3.86663E+17
2063,0.06462,3.8673E+17
2064,0.06316,3.86796E+17
2065,0.0619775,3.8686E+17
2066,0.06246,3.86925E+17
2067,0.06322,3.86991E+17
2068,0.06398,3.87058E+17
2069,0.06474,3.87125E+17
2070,0.0656975,3.87193E+17
2071,0.06784,3.87264E+17
2072,0.07018,3.87337E+17
2073,0.07252,3.87413E+17
2074,0.07486,3.87491E+17
2075,0.0771425,3.87571E+17
2076,0.07908,3.87654E+17
2077,0.08096,3.87739E+17
2078,0.08284,3.87825E+17
2079,0.08472,3.87914E+17
2080,0.0863225,3.88004E+17
2081,0.08626,3.88095E+17
2082,0.08592,3.88185E+17
2083,0.08558,3.88274E+17
2084,0.08524,3.88364E+17
2085,0.08504,3.88453E+17
2086,0.08568,3.88543E+17
2087,0.08646,3.88633E+17
2088,0.08724,3.88725E+17
2089,0.08802,3.88818E+17
2090,0.08872,3.88911E+17
2091,0.08894,3.89004E+17
2092,0.08908,3.89098E+17
2093,0.08922,3.89192E+17
2094,0.08936,3.89286E+17
2095,0.0893925,3.89381E+17
2096,0.08878,3.89474E+17
2097,0.08806,3.89567E+17
2098,0.08734,3.89659E+17
2099,0.08662,3.89751E+17
2100,0.086165,3.89842E+17
2101,0.0873,3.89934E+17
2102,0.0887,3.90028E+17
2103,0.0901,3.90123E+17
2104,0.0915,3.9022E+17
2105,0.0926375,3.90318E+17
2106,0.0922,3.90416E+17
2107,0.0915,3.90513E+17
2108,0.0908,3.90609E+17
2109,0.0901,3.90705E+17
2110,0.0895375,3.908E+17
2111,0.0898,3.90895E+17
2112,0.0902,3.90991E+17
2113,0.0906,3.91087E+17
2114,0.091,3.91184E+17
2115,0.0912475,3.91281E+17
2116,0.09058,3.91378E+17
2117,0.08976,3.91473E+17
2118,0.08894,3.91568E+17
2119,0.08812,3.91662E+17
2120,0.08743,3.91755E+17
2121,0.08752,3.91849E+17
2122,0.08774,3.91942E+17
2123,0.08796,3.92036E+17
2124,0.08818,3.9213E+17
2125,0.0884,3.92225E+17
2126,0.08862,3.9232E+17
2127,0.08884,3.92415E+17
2128,0.08906,3.9251E+17
2129,0.08928,3.92606E+17
2130,0.08948,3.92702E+17
2131,0.08956,3.92798E+17
2132,0.08962,3.92894E+17
2133,0.08968,3.9299E+17
2134,0.08974,3.93086E+17
2135,0.08981,3.93183E+17
2136,0.08994,3.93279E+17
2137,0.09008,3.93376E+17
2138,0.09022,3.93473E+17
2139,0.09036,3.93571E+17
2140,0.09045,3.93668E+17
2141,0.09024,3.93765E+17
2142,0.08998,3.93862E+17
2143,0.08972,3.93959E+17
2144,0.08946,3.94055E+17
2145,0.0891125,3.94152E+17
2146,0.08824,3.94247E+17
2147,0.08728,3.94341E+17
2148,0.08632,3.94434E+17
2149,0.08536,3.94527E+17
2150,0.084525,3.94618E+17
2151,0.08444,3.94709E+17
2152,0.08448,3.94801E+17
2153,0.08452,3.94892E+17
2154,0.08456,3.94984E+17
2155,0.0845775,3.95076E+17
2156,0.08446,3.95167E+17
2157,0.08432,3.95259E+17
2158,0.08418,3.9535E+17
2159,0.08404,3.95442E+17
2160,0.0837225,3.95533E+17
2161,0.08234,3.95622E+17
2162,0.08078,3.9571E+17
2163,0.07922,3.95796E+17
2164,0.07766,3.95881E+17
2165,0.0764375,3.95964E+17
2166,0.07724,3.96048E+17
2167,0.07838,3.96134E+17
2168,0.07952,3.9622E+17
2169,0.08066,3.96308E+17
2170,0.0816175,3.96397E+17
2171,0.08148,3.96486E+17
2172,0.08116,3.96575E+17
2173,0.08084,3.96664E+17
2174,0.08052,3.96752E+17
2175,0.080275,3.96839E+17
2176,0.08048,3.96928E+17
2177,0.08076,3.97016E+17
2178,0.08104,3.97105E+17
2179,0.08132,3.97194E+17
2180,0.0813825,3.97283E+17
2181,0.08014,3.97371E+17
2182,0.07868,3.97457E+17
2183,0.07722,3.97542E+17
2184,0.07576,3.97626E+17
2185,0.074595,3.97708E+17
2186,0.0752,3.9779E+17
2187,0.0761,3.97874E+17
2188,0.077,3.97959E+17
2189,0.0779,3.98045E+17
2190,0.0786875,3.98131E+17
2191,0.0788,3.98218E+17
2192,0.0788,3.98305E+17
2193,0.0788,3.98392E+17
2194,0.0788,3.98479E+17
2195,0.078605,3.98566E+17
2196,0.07724,3.98651E+17
2197,0.07568,3.98735E+17
2198,0.07412,3.98817E+17
2199,0.07256,3.98897E+17
2200,0.071265,3.98976E+17
2201,0.07156,3.99055E+17
2202,0.07212,3.99135E+17
2203,0.07268,3.99215E+17
2204,0.07324,3.99297E+17
2205,0.0738625,3.99379E+17
2206,0.07486,3.99462E+17
2207,0.07592,3.99546E+17
2208,0.07698,3.99632E+17
2209,0.07804,3.99718E+17
2210,0.0788925,3.99806E+17
2211,0.0785,3.99893E+17
2212,0.0779,3.9998E+17
2213,0.0773,4.00066E+17
2214,0.0767,4.00151E+17
2215,0.07621,4.00236E+17
2216,0.07638,4.00322E+17
2217,0.07666,4.00407E+17
2218,0.07694,4.00493E+17
2219,0.07722,4.00579E+17
2220,0.0774075,4.00666E+17
2221,0.07704,4.00752E+17
2222,0.07658,4.00837E+17
2223,0.07612,4.00922E+17
2224,0.07566,4.01007E+17
2225,0.0752675,4.01091E+17
2226,0.07528,4.01176E+17
2227,0.07536,4.0126E+17
2228,0.07544,4.01345E+17
2229,0.07552,4.01429E+17
2230,0.0755525,4.01514E+17
2231,0.0753,4.01599E+17
2232,0.075,4.01683E+17
2233,0.0747,4.01767E+17
2234,0.0744,4.0185E+17
2235,0.0741075,4.01934E+17
2236,0.07386,4.02017E+17
2237,0.07362,4.021E+17
2238,0.07338,4.02182E+17
2239,0.07314,4.02265E+17
2240,0.0728725,4.02347E+17
2241,0.07244,4.02428E+17
2242,0.07198,4.0251E+17
2243,0.07152,4.0259E+17
2244,0.07106,4.02671E+17
2245,0.070685,4.0275E+17
2246,0.07082,4.0283E+17
2247,0.07104,4.02911E+17
2248,0.07126,4.02991E+17
2249,0.07148,4.03072E+17
2250,0.0715675,4.03153E+17
2251,0.07086,4.03233E+17
2252,0.07002,4.03313E+17
2253,0.06918,4.03391E+17
2254,0.06834,4.03469E+17
2255,0.067585,4.03545E+17
2256,0.06734,4.03622E+17
2257,0.06718,4.03698E+17
2258,0.06702,4.03774E+17
2259,0.06686,4.0385E+17
2260,0.06675,4.03926E+17
2261,0.06694,4.04002E+17
2262,0.06718,4.04079E+17
2263,0.06742,4.04155E+17
2264,0.06766,4.04233E+17
2265,0.06779,4.0431E+17
2266,0.06726,4.04386E+17
2267,0.06662,4.04462E+17
2268,0.06598,4.04538E+17
2269,0.06534,4.04612E+17
2270,0.0647575,4.04686E+17
2271,0.06452,4.0476E+17
2272,0.06434,4.04834E+17
2273,0.06416,4.04907E+17
2274,0.06398,4.0498E+17
2275,0.06388,4.05053E+17
2276,0.06426,4.05127E+17
2277,0.06472,4.05201E+17
2278,0.06518,4.05276E+17
2279,0.06564,4.05351E+17
2280,0.0659625,4.05427E+17
2281,0.06546,4.05502E+17
2282,0.06482,4.05576E+17
2283,0.06418,4.0565E+17
2284,0.06354,4.05723E+17
2285,0.0629825,4.05795E+17
2286,0.06292,4.05868E+17
2287,0.06294,4.0594E+17
2288,0.06296,4.06012E+17
2289,0.06298,4.06085E+17
2290,0.06295,4.06158E+17
2291,0.06262,4.0623E+17
2292,0.06224,4.06301E+17
2293,0.06186,4.06373E+17
2294,0.06148,4.06444E+17
2295,0.0610875,4.06514E+17
2296,0.06062,4.06584E+17
2297,0.06014,4.06654E+17
2298,0.05966,4.06723E+17
2299,0.05918,4.06791E+17
2300,0.0587675,4.06859E+17
2301,0.05876,4.06927E+17
2302,0.05882,4.06995E+17
2303,0.05888,4.07064E+17
2304,0.05894,4.07132E+17
2305,0.05911,4.07201E+17
2306,0.05994,4.0727E+17
2307,0.06088,4.07341E+17
2308,0.06182,4.07412E+17
2309,0.06276,4.07485E+17
2310,0.06344,4.07559E+17
2311,0.06256,4.07632E+17
2312,0.06142,4.07703E+17
2313,0.06028,4.07773E+17
2314,0.05914,4.07842E+17
2315,0.05799,4.0791E+17
2316,0.05678,4.07976E+17
2317,0.05556,4.08041E+17
2318,0.05434,4.08104E+17
2319,0.05312,4.08166E+17
2320,0.0521575,4.08227E+17
2321,0.05274,4.08289E+17
2322,0.05358,4.08351E+17
2323,0.05442,4.08415E+17
2324,0.05526,4.08479E+17
2325,0.05601,4.08545E+17
2326,0.05622,4.08611E+17
2327,0.05634,4.08677E+17
2328,0.05646,4.08743E+17
2329,0.05658,4.08809E+17
2330,0.0567125,4.08876E+17
2331,0.05692,4.08942E+17
2332,0.05714,4.09009E+17
2333,0.05736,4.09077E+17
2334,0.05758,4.09144E+17
2335,0.05747,4.09212E+17
2336,0.05538,4.09277E+17
2337,0.05296,4.09339E+17
2338,0.05054,4.09399E+17
2339,0.04812,4.09455E+17
2340,0.0461425,4.0951E+17
2341,0.04682,4.09565E+17
2342,0.04794,4.09621E+17
2343,0.04906,4.09679E+17
2344,0.05018,4.09738E+17
2345,0.0509125,4.09798E+17
2346,0.04932,4.09856E+17
2347,0.04734,4.09912E+17
2348,0.04536,4.09966E+17
2349,0.04338,4.10017E+17
2350,0.041795,4.10067E+17
2351,0.04258,4.10117E+17
2352,0.04376,4.10169E+17
2353,0.04494,4.10222E+17
2354,0.04612,4.10277E+17
2355,0.0472225,4.10333E+17
2356,0.04786,4.10389E+17
2357,0.04842,4.10447E+17
2358,0.04898,4.10505E+17
2359,0.04954,4.10564E+17
2360,0.05001,4.10623E+17
2361,0.04994,4.10682E+17
2362,0.04978,4.10741E+17
2363,0.04962,4.108E+17
2364,0.04946,4.10859E+17
2365,0.048855,4.10917E+17
2366,0.04558,4.10972E+17
2367,0.04186,4.11021E+17
2368,0.03814,4.11067E+17
2369,0.03442,4.11108E+17
2370,0.0314975,4.11145E+17
2371,0.03336,4.11185E+17
2372,0.03602,4.11228E+17
2373,0.03868,4.11274E+17
2374,0.04134,4.11324E+17
2375,0.0436275,4.11376E+17
2376,0.04368,4.11428E+17
2377,0.04336,4.1148E+17
2378,0.04304,4.11531E+17
2379,0.04272,4.11583E+17
2380,0.0421475,4.11633E+17
2381,0.04006,4.11681E+17
2382,0.03772,4.11726E+17
2383,0.03538,4.11769E+17
2384,0.03304,4.11808E+17
2385,0.03115,4.11846E+17
2386,0.03196,4.11884E+17
2387,0.03322,4.11924E+17
2388,0.03448,4.11965E+17
2389,0.03574,4.12008E+17
2390,0.03693,4.12053E+17
2391,0.0377,4.12098E+17
2392,0.0384,4.12144E+17
2393,0.0391,4.12191E+17
2394,0.0398,4.12239E+17
2395,0.0405,4.12288E+17
2396,0.0412,4.12338E+17
2397,0.0419,4.12388E+17
2398,0.0426,4.1244E+17
2399,0.0433,4.12492E+17
2400,0.04365,4.12545E+17
2401,0.0419,4.12595E+17
2402,0.0398,4.12643E+17
2403,0.0377,4.12689E+17
2404,0.0356,4.12732E+17
2405,0.0337675,4.12773E+17
2406,0.03354,4.12813E+17
2407,0.03358,4.12854E+17
2408,0.03362,4.12895E+17
2409,0.03366,4.12936E+17
2410,0.0335325,4.12976E+17
2411,0.0324,4.13016E+17
2412,0.0311,4.13053E+17
2413,0.0298,4.1309E+17
2414,0.0285,4.13124E+17
2415,0.027345,4.13157E+17
2416,0.02706,4.1319E+17
2417,0.02692,4.13223E+17
2418,0.02678,4.13256E+17
2419,0.02664,4.13288E+17
2420,0.02668,4.1332E+17
2421,0.0278,4.13354E+17
2422,0.0291,4.1339E+17
2423,0.0304,4.13427E+17
2424,0.0317,4.13466E+17
2425,0.0331375,4.13506E+17
2426,0.0354,4.13549E+17
2427,0.0378,4.13595E+17
2428,0.0402,4.13644E+17
2429,0.0426,4.13696E+17
2430,0.043945,4.1375E+17
2431,0.03896,4.13798E+17
2432,0.03292,4.13838E+17
2433,0.02688,4.13871E+17
2434,0.02084,4.13897E+17
2435,0.0162625,4.13916E+17
2436,0.02046,4.13942E+17
2437,0.02612,4.13974E+17
2438,0.03178,4.14013E+17
2439,0.03744,4.14058E+17
2440,0.0418325,4.1411E+17
2441,0.03862,4.14157E+17
2442,0.03414,4.14199E+17
2443,0.02966,4.14236E+17
2444,0.02518,4.14267E+17
2445,0.0210825,4.14293E+17
2446,0.01928,4.14316E+17
2447,0.01786,4.14338E+17
2448,0.01644,4.14359E+17
2449,0.01502,4.14377E+17
2450,0.0140575,4.14394E+17
2451,0.01584,4.14414E+17
2452,0.01808,4.14436E+17
2453,0.02032,4.14461E+17
2454,0.02256,4.14489E+17
2455,0.0247325,4.1452E+17
2456,0.0265,4.14552E+17
2457,0.0282,4.14587E+17
2458,0.0299,4.14624E+17
2459,0.0316,4.14663E+17
2460,0.0328575,4.14704E+17
2461,0.03146,4.14743E+17
2462,0.02962,4.1478E+17
2463,0.02778,4.14814E+17
2464,0.02594,4.14846E+17
2465,0.024145,4.14876E+17
2466,0.02262,4.14904E+17
2467,0.02114,4.1493E+17
2468,0.01966,4.14955E+17
2469,0.01818,4.14977E+17
2470,0.0168775,4.14998E+17
2471,0.01664,4.15019E+17
2472,0.01658,4.1504E+17
2473,0.01652,4.1506E+17
2474,0.01646,4.15081E+17
2475,0.0161975,4.15101E+17
2476,0.01472,4.15119E+17
2477,0.01304,4.15136E+17
2478,0.01136,4.1515E+17
2479,0.00968,4.15162E+17
2480,0.00815,4.15172E+17
2481,0.00752,4.15181E+17
2482,0.00704,4.1519E+17
2483,0.00656,4.15198E+17
2484,0.00608,4.15206E+17
2485,0.0056075,4.15213E+17
2486,0.00518,4.15219E+17
2487,0.00476,4.15225E+17
2488,0.00434,4.15231E+17
2489,0.00392,4.15236E+17
2490,0.0035375,4.1524E+17
2491,0.00338,4.15244E+17
2492,0.00326,4.15248E+17
2493,0.00314,4.15252E+17
2494,0.00302,4.15256E+17
2495,0.0030175,4.1526E+17
2496,0.00372,4.15265E+17
2497,0.00454,4.1527E+17
2498,0.00536,4.15277E+17
2499,0.00618,4.15285E+17
2500,0.00676,4.15293E+17
2501,0.0059,4.15301E+17
2502,0.0048,4.15307E+17
2503,0.0037,4.15311E+17
2504,0.0026,4.15315E+17
2505,0.001655,4.15317E+17
2506,0.00164,4.15319E+17
2507,0.00178,4.15321E+17
2508,0.00192,4.15324E+17
2509,0.00206,4.15326E+17
2510,0.00214,4.15329E+17
2511,0.00186,4.15331E+17
2512,0.00152,4.15333E+17
2513,0.00118,4.15335E+17
2514,0.00084,4.15336E+17
2515,0.00054,4.15336E+17
2516,0.00048,4.15337E+17
2517,0.00046,4.15338E+17
2518,0.00044,4.15338E+17
2519,0.00042,4.15339E+17
2520,0.0003925,4.15339E+17
2521,0.00032,4.1534E+17
2522,0.00024,4.1534E+17
2523,0.00016,4.1534E+17
2524,0.00008,4.1534E+17
2525,0.00001,4.1534E+17
2526,0,4.1534E+17
2527,0,4.1534E+17
2528,0,4.1534E+17
2529,0,4.1534E+17
2530,0,4.1534E+17
2531,0,4.1534E+17
2532,0,4.1534E+17
2533,0,4.1534E+17
2534,0,4.1534E+17
2535,0,4.1534E+17
2536,0,4.1534E+17
2537,0,4.1534E+17
2538,0,4.1534E+17
2539,0,4.1534E+17
2540,0,4.1534E+17
2541,0,4.1534E+17
2542,0,4.1534E+17
2543,0,4.1534E+17
2544,0,4.1534E+17
2545,0,4.1534E+17
2546,0,4.1534E+17
2547,0,4.1534E+17
2548,0,4.1534E+17
2549,0,4.1534E+17
2550,0,4.1534E+17
2551,0,4.1534E+17
2552,0,4.1534E+17
2553,0,4.1534E+17
2554,0,4.1534E+17
2555,0,4.1534E+17
2556,0,4.1534E+17
2557,0,4.1534E+17
2558,0,4.1534E+17
2559,0,4.1534E+17
2560,0,4.1534E+17
2561,0,4.1534E+17
2562,0,4.1534E+17
2563,0,4.1534E+17
2564,0,4.1534E+17
2565,0,4.1534E+17
2566,0,4.1534E+17
2567,0,4.1534E+17
2568,0,4.1534E+17
2569,0,4.1534E+17
2570,0,4.1534E+17
2571,0,4.1534E+17
2572,0,4.1534E+17
2573,0,4.1534E+17
2574,0,4.1534E+17
2575,0,4.1534E+17
2576,0,4.1534E+17
2577,0,4.1534E+17
2578,0,4.1534E+17
2579,0,4.1534E+17
2580,0,4.1534E+17
2581,0,4.1534E+17
2582,0,4.1534E+17
2583,0,4.1534E+17
2584,0,4.1534E+17
2585,0,4.1534E+17
2586,0,4.1534E+17
2587,0,4.1534E+17
2588,0,4.1534E+17
2589,0,4.1534E+17
2590,0,4.1534E+17
2591,0,4.1534E+17
2592,0,4.1534E+17
2593,0,4.1534E+17
2594,0,4.1534E+17
2595,0,4.1534E+17
2596,0,4.1534E+17
2597,0,4.1534E+17
2598,0,4.1534E+17
2599,0,4.1534E+17
2600,0,4.1534E+17
2601,0,4.1534E+17
2602,0,4.1534E+17
2603,0,4.1534E+17
2604,0,4.1534E+17
2605,0,4.1534E+17
2606,0,4.1534E+17
2607,0,4.1534E+17
2608,0,4.1534E+17
2609,0,4.1534E+17
2610,0,4.1534E+17
2611,0,4.1534E+17
2612,0,4.1534E+17
2613,0,4.1534E+17
2614,0,4.1534E+17
2615,0,4.1534E+17
2616,0,4.1534E+17
2617,0,4.1534E+17
2618,0,4.1534E+17
2619,0,4.1534E+17
2620,0,4.1534E+17
2621,0,4.1534E+17
2622,0,4.1534E+17
2623,0,4.1534E+17
2624,0,4.1534E+17
2625,0,4.1534E+17
2626,0,4.1534E+17
2627,0,4.1534E+17
2628,0,4.1534E+17
2629,0,4.1534E+17
2630,0,4.1534E+17
2631,0,4.1534E+17
2632,0,4.1534E+17
2633,0,4.1534E+17
2634,0,4.1534E+17
2635,0,4.1534E+17
2636,0,4.1534E+17
2637,0,4.1534E+17
2638,0,4.1534E+17
2639,0,4.1534E+17
2640,0,4.1534E+17
2641,0,4.1534E+17
2642,0,4.1534E+17
2643,0,4.1534E+17
2644,0,4.1534E+17
2645,0,4.1534E+17
2646,0,4.1534E+17
2647,0,4.1534E+17
2648,0,4.1534E+17
2649,0,4.1534E+17
2650,0,4.1534E+17
2651,0,4.1534E+17
2652,0,4.1534E+17
2653,0,4.1534E+17
2654,0,4.1534E+17
2655,0,4.1534E+17
2656,0,4.1534E+17
2657,0,4.1534E+17
2658,0,4.1534E+17
2659,0,4.1534E+17
2660,0,4.1534E+17
2661,0,4.1534E+17
2662,0,4.1534E+17
2663,0,4.1534E+17
2664,0,4.1534E+17
2665,0,4.1534E+17
2666,0,4.1534E+17
2667,0,4.1534E+17
2668,0,4.1534E+17
2669,0,4.1534E+17
2670,0,4.1534E+17
2671,0,4.1534E+17
2672,0,4.1534E+17
2673,0,4.1534E+17
2674,0,4.1534E+17
2675,0,4.1534E+17
2676,0,4.1534E+17
2677,0,4.1534E+17
2678,0,4.1534E+17
2679,0,4.1534E+17
2680,0,4.1534E+17
2681,0,4.1534E+17
2682,0,4.1534E+17
2683,0,4.1534E+17
2684,0,4.1534E+17
2685,0,4.1534E+17
2686,0,4.1534E+17
2687,0,4.1534E+17
2688,0,4.1534E+17
2689,0,4.1534E+17
2690,0,4.1534E+17
2691,0,4.1534E+17
2692,0,4.1534E+17
2693,0,4.1534E+17
2694,0,4.1534E+17
2695,0,4.1534E+17
2696,0,4.1534E+17
2697,0,4.1534E+17
2698,0,4.1534E+17
2699,0,4.1534E+17
2700,0,4.1534E+17
2701,0,4.1534E+17
2702,0,4.1534E+17
2703,0,4.1534E+17
2704,0,4.1534E+17
2705,0,4.1534E+17
2706,0,4.1534E+17
2707,0,4.1534E+17
2708,0,4.1534E+17
2709,0,4.1534E+17
2710,0,4.1534E+17
2711,0,4.1534E+17
2712,0,4.1534E+17
2713,0,4.1534E+17
2714,0,4.1534E+17
2715,0,4.1534E+17
2716,0,4.1534E+17
2717,0,4.1534E+17
2718,0,4.1534E+17
2719,0,4.1534E+17
2720,0,4.1534E+17
2721,0,4.1534E+17
2722,0,4.1534E+17
2723,0,4.1534E+17
2724,0,4.1534E+17
2725,0,4.1534E+17
2726,0,4.1534E+17
2727,0,4.1534E+17
2728,0,4.1534E+17
2729,0,4.1534E+17
2730,0,4.1534E+17
2731,0,4.1534E+17
2732,0,4.1534E+17
2733,0,4.1534E+17
2734,0,4.1534E+17
2735,0,4.1534E+17
2736,0,4.1534E+17
2737,0,4.1534E+17
2738,0,4.1534E+17
2739,0,4.1534E+17
2740,0,4.1534E+17
2741,0,4.1534E+17
2742,0,4.1534E+17
2743,0,4.1534E+17
2744,0,4.1534E+17
2745,0,4.1534E+17
2746,0,4.1534E+17
2747,0,4.1534E+17
2748,0,4.1534E+17
2749,0,4.1534E+17
2750,0,4.1534E+17
2751,0,4.1534E+17
2752,0,4.1534E+17
2753,0,4.1534E+17
2754,0,4.1534E+17
2755,0,4.1534E+17
2756,0,4.1534E+17
2757,0,4.1534E+17
2758,0,4.1534E+17
2759,0,4.1534E+17
2760,0,4.1534E+17
2761,0,4.1534E+17
2762,0,4.1534E+17
2763,0,4.1534E+17
2764,0,4.1534E+17
2765,0,4.1534E+17
2766,0,4.1534E+17
2767,0,4.1534E+17
2768,0,4.1534E+17
2769,0,4.1534E+17
2770,0,4.1534E+17
2771,0,4.1534E+17
2772,0,4.1534E+17
2773,0,4.1534E+17
2774,0,4.1534E+17
2775,0,4.1534E+17
2776,0,4.1534E+17
2777,0,4.1534E+17
2778,0,4.1534E+17
2779,0,4.1534E+17
2780,0,4.1534E+17
2781,0,4.1534E+17
2782,0,4.1534E+17
2783,0,4.1534E+17
2784,0,4.1534E+17
2785,0,4.1534E+17
2786,0,4.1534E+17
2787,0,4.1534E+17
2788,0,4.1534E+17
2789,0,4.1534E+17
2790,0,4.1534E+17
2791,0,4.1534E+17
2792,0,4.1534E+17
2793,0,4.1534E+17
2794,0,4.1534E+17
2795,0,4.1534E+17
2796,0,4.1534E+17
2797,0,4.1534E+17
2798,0,4.1534E+17
2799,0,4.1534E+17
2800,0,4.1534E+17
2801,0,4.1534E+17
2802,0,4.1534E+17
2803,0,4.1534E+17
2804,0,4.1534E+17
2805,0,4.1534E+17
2806,0,4.1534E+17
2807,0,4.1534E+17
2808,0,4.1534E+17
2809,0,4.1534E+17
2810,0,4.1534E+17
2811,0,4.1534E+17
2812,0,4.1534E+17
2813,0,4.1534E+17
2814,0,4.1534E+17
2815,0,4.1534E+17
2816,0,4.1534E+17
2817,0,4.1534E+17
2818,0,4.1534E+17
2819,0,4.1534E+17
2820,0,4.1534E+17
2821,0,4.1534E+17
2822,0,4.1534E+17
2823,0,4.1534E+17
2824,0,4.1534E+17
2825,0,4.1534E+17
2826,0,4.1534E+17
2827,0,4.1534E+17
2828,0,4.1534E+17
2829,0,4.1534E+17
2830,0,4.1534E+17
2831,0,4.1534E+17
2832,0,4.1534E+17
2833,0,4.1534E+17
2834,0,4.1534E+17
2835,0,4.1534E+17
2836,0,4.1534E+17
2837,0,4.1534E+17
2838,0,4.1534E+17
2839,0,4.1534E+17
2840,0,4.1534E+17
2841,0,4.1534E+17
2842,0,4.1534E+17
2843,0,4.1534E+17
2844,0,4.1534E+17
2845,0,4.1534E+17
2846,0,4.1534E+17
2847,0,4.1534E+17
2848,0,4.1534E+17
2849,0,4.1534E+17
2850,0,4.1534E+17
2851,0,4.1534E+17
2852,0,4.1534E+17
2853,0,4.1534E+17
2854,0,4.1534E+17
2855,0,4.1534E+17
2856,0,4.1534E+17
2857,0,4.1534E+17
2858,0,4.1534E+17
2859,0,4.1534E+17
2860,0.000005,4.1534E+17
2861,0.00004,4.1534E+17
2862,0.00008,4.1534E+17
2863,0.00012,4.15341E+17
2864,0.00016,4.15341E+17
2865,0.00019,4.15341E+17
2866,0.00016,4.15341E+17
2867,0.00012,4.15341E+17
2868,0.00008,4.15342E+17
2869,0.00004,4.15342E+17
2870,0.000015,4.15342E+17
2871,0.00008,4.15342E+17
2872,0.00016,4.15342E+17
2873,0.00024,4.15342E+17
2874,0.00032,4.15343E+17
2875,0.000385,4.15343E+17
2876,0.00036,4.15344E+17
2877,0.00032,4.15344E+17
2878,0.00028,4.15345E+17
2879,0.00024,4.15345E+17
2880,0.0002125,4.15345E+17
2881,0.00026,4.15346E+17
2882,0.00032,4.15346E+17
2883,0.00038,4.15347E+17
2884,0.00044,4.15347E+17
2885,0.000485,4.15348E+17
2886,0.00044,4.15349E+17
2887,0.00038,4.15349E+17
2888,0.00032,4.1535E+17
2889,0.00026,4.1535E+17
2890,0.00027,4.15351E+17
2891,0.0007,4.15352E+17
2892,0.0012,4.15353E+17
2893,0.0017,4.15356E+17
2894,0.0022,4.15359E+17
2895,0.00259,4.15363E+17
2896,0.00232,4.15366E+17
2897,0.00194,4.15369E+17
2898,0.00156,4.15371E+17
2899,0.00118,4.15373E+17
2900,0.00083,4.15374E+17
2901,0.00066,4.15375E+17
2902,0.00052,4.15376E+17
2903,0.00038,4.15376E+17
2904,0.00024,4.15377E+17
2905,0.0001825,4.15377E+17
2906,0.00062,4.15378E+17
2907,0.00114,4.1538E+17
2908,0.00166,4.15382E+17
2909,0.00218,4.15385E+17
2910,0.0026,4.15389E+17
2911,0.00242,4.15393E+17
2912,0.00214,4.15396E+17
2913,0.00186,4.15398E+17
2914,0.00158,4.15401E+17
2915,0.001375,4.15403E+17
2916,0.00162,4.15405E+17
2917,0.00194,4.15408E+17
2918,0.00226,4.15411E+17
2919,0.00258,4.15415E+17
2920,0.002815,4.15419E+17
2921,0.00254,4.15423E+17
2922,0.00218,4.15426E+17
2923,0.00182,4.15429E+17
2924,0.00146,4.15431E+17
2925,0.001265,4.15433E+17
2926,0.00206,4.15436E+17
2927,0.00302,4.1544E+17
2928,0.00398,4.15446E+17
2929,0.00494,4.15454E+17
2930,0.005795,4.15462E+17
2931,0.00602,4.15471E+17
2932,0.00614,4.1548E+17
2933,0.00626,4.15489E+17
2934,0.00638,4.15499E+17
2935,0.0063625,4.15508E+17
2936,0.00552,4.15516E+17
2937,0.00454,4.15523E+17
2938,0.00356,4.15528E+17
2939,0.00258,4.15532E+17
2940,0.0017175,4.15535E+17
2941,0.00156,4.15537E+17
2942,0.00152,4.15539E+17
2943,0.00148,4.15541E+17
2944,0.00144,4.15543E+17
2945,0.0015,4.15546E+17
2946,0.00216,4.15549E+17
2947,0.00292,4.15553E+17
2948,0.00368,4.15559E+17
2949,0.00444,4.15565E+17
2950,0.0050325,4.15573E+17
2951,0.00462,4.1558E+17
2952,0.00404,4.15586E+17
2953,0.00346,4.15591E+17
2954,0.00288,4.15595E+17
2955,0.00243,4.15599E+17
2956,0.00276,4.15603E+17
2957,0.00322,4.15607E+17
2958,0.00368,4.15613E+17
2959,0.00414,4.15619E+17
2960,0.0046125,4.15626E+17
2961,0.00516,4.15634E+17
2962,0.00572,4.15642E+17
2963,0.00628,4.15652E+17
2964,0.00684,4.15662E+17
2965,0.007155,4.15672E+17
2966,0.006,4.15681E+17
2967,0.0046,4.15688E+17
2968,0.0032,4.15693E+17
2969,0.0018,4.15696E+17
2970,0.0005875,4.15697E+17
2971,0.0005,4.15697E+17
2972,0.0006,4.15698E+17
2973,0.0007,4.15699E+17
2974,0.0008,4.157E+17
2975,0.0008975,4.15702E+17
2976,0.00098,4.15703E+17
2977,0.00106,4.15705E+17
2978,0.00114,4.15707E+17
2979,0.00122,4.15708E+17
2980,0.00143,4.15711E+17
2981,0.00242,4.15714E+17
2982,0.00354,4.15719E+17
2983,0.00466,4.15726E+17
2984,0.00578,4.15735E+17
2985,0.006845,4.15745E+17
2986,0.00758,4.15757E+17
2987,0.00826,4.15769E+17
2988,0.00894,4.15783E+17
2989,0.00962,4.15797E+17
2990,0.010065,4.15812E+17
2991,0.0091,4.15826E+17
2992,0.0079,4.15838E+17
2993,0.0067,4.15848E+17
2994,0.0055,4.15856E+17
2995,0.0045375,4.15863E+17
2996,0.005,4.15871E+17
2997,0.0057,4.15879E+17
2998,0.0064,4.15889E+17
2999,0.0071,4.159E+17
3000,0.00759,4.15911E+17
3001,0.00682,4.15921E+17
3002,0.00584,4.1593E+17
3003,0.00486,4.15937E+17
3004,0.00388,4.15943E+17
3005,0.00312,4.15948E+17
3006,0.00368,4.15954E+17
3007,0.00446,4.1596E+17
3008,0.00524,4.15968E+17
3009,0.00602,4.15977E+17
3010,0.00667,4.15988E+17
3011,0.00654,4.15997E+17
3012,0.00628,4.16007E+17
3013,0.00602,4.16016E+17
3014,0.00576,4.16025E+17
3015,0.00541,4.16033E+17
3016,0.00452,4.1604E+17
3017,0.00354,4.16045E+17
3018,0.00256,4.16049E+17
3019,0.00158,4.16052E+17
3020,0.000895,4.16053E+17
3021,0.00198,4.16056E+17
3022,0.00336,4.16061E+17
3023,0.00474,4.16068E+17
3024,0.00612,4.16078E+17
3025,0.0072925,4.16089E+17
3026,0.00722,4.161E+17
3027,0.00694,4.1611E+17
3028,0.00666,4.1612E+17
3029,0.00638,4.1613E+17
3030,0.006045,4.16139E+17
3031,0.00538,4.16147E+17
3032,0.00466,4.16155E+17
3033,0.00394,4.16161E+17
3034,0.00322,4.16166E+17
3035,0.0025775,4.16169E+17
3036,0.0024,4.16173E+17
3037,0.0023,4.16177E+17
3038,0.0022,4.1618E+17
3039,0.0021,4.16183E+17
3040,0.0020675,4.16186E+17
3041,0.00244,4.1619E+17
3042,0.00288,4.16195E+17
3043,0.00332,4.162E+17
3044,0.00376,4.16205E+17
3045,0.004065,4.16212E+17
3046,0.00356,4.16217E+17
3047,0.00292,4.16222E+17
3048,0.00228,4.16225E+17
3049,0.00164,4.16228E+17
3050,0.0010625,4.16229E+17
3051,0.00086,4.1623E+17
3052,0.00072,4.16232E+17
3053,0.00058,4.16232E+17
3054,0.00044,4.16233E+17
3055,0.0004675,4.16234E+17
3056,0.0015,4.16236E+17
3057,0.0027,4.1624E+17
3058,0.0039,4.16246E+17
3059,0.0051,4.16254E+17
3060,0.006065,4.16263E+17
3061,0.00562,4.16272E+17
3062,0.00494,4.1628E+17
3063,0.00426,4.16286E+17
3064,0.00358,4.16292E+17
3065,0.002955,4.16296E+17
3066,0.00266,4.16301E+17
3067,0.00242,4.16304E+17
3068,0.00218,4.16308E+17
3069,0.00194,4.16311E+17
3070,0.0018375,4.16313E+17
3071,0.00256,4.16317E+17
3072,0.00342,4.16323E+17
3073,0.00428,4.16329E+17
3074,0.00514,4.16337E+17
3075,0.0058325,4.16346E+17
3076,0.00552,4.16355E+17
3077,0.00504,4.16363E+17
3078,0.00456,4.1637E+17
3079,0.00408,4.16376E+17
3080,0.003615,4.16382E+17
3081,0.00324,4.16387E+17
3082,0.00288,4.16391E+17
3083,0.00252,4.16395E+17
3084,0.00216,4.16398E+17
3085,0.00186,4.16401E+17
3086,0.00192,4.16404E+17
3087,0.00204,4.16407E+17
3088,0.00216,4.16411E+17
3089,0.00228,4.16414E+17
3090,0.0023425,4.16418E+17
3091,0.00206,4.16421E+17
3092,0.00172,4.16424E+17
3093,0.00138,4.16426E+17
3094,0.00104,4.16428E+17
3095,0.000835,4.16429E+17
3096,0.00144,4.16431E+17
3097,0.00218,4.16435E+17
3098,0.00292,4.16439E+17
3099,0.00366,4.16445E+17
3100,0.00422,4.16451E+17
3101,0.0037,4.16457E+17
3102,0.003,4.16462E+17
3103,0.0023,4.16465E+17
3104,0.0016,4.16468E+17
3105,0.000985,4.16469E+17
3106,0.00088,4.16471E+17
3107,0.00086,4.16472E+17
3108,0.00084,4.16473E+17
3109,0.00082,4.16475E+17
3110,0.00084,4.16476E+17
3111,0.0011,4.16478E+17
3112,0.0014,4.1648E+17
3113,0.0017,4.16483E+17
3114,0.002,4.16486E+17
3115,0.00245,4.1649E+17
3116,0.0038,4.16496E+17
3117,0.0053,4.16504E+17
3118,0.0068,4.16515E+17
3119,0.0083,4.16528E+17
3120,0.0094425,4.16542E+17
3121,0.00844,4.16556E+17
3122,0.00708,4.16567E+17
3123,0.00572,4.16576E+17
3124,0.00436,4.16583E+17
3125,0.0032375,4.16588E+17
3126,0.00354,4.16593E+17
3127,0.00408,4.166E+17
3128,0.00462,4.16607E+17
3129,0.00516,4.16615E+17
3130,0.005775,4.16624E+17
3131,0.00684,4.16635E+17
3132,0.00798,4.16648E+17
3133,0.00912,4.16662E+17
3134,0.01026,4.16678E+17
3135,0.011055,4.16695E+17
3136,0.00978,4.16711E+17
3137,0.00816,4.16724E+17
3138,0.00654,4.16734E+17
3139,0.00492,4.16742E+17
3140,0.0035,4.16747E+17
3141,0.00328,4.16753E+17
3142,0.00326,4.16758E+17
3143,0.00324,4.16763E+17
3144,0.00322,4.16768E+17
3145,0.00329,4.16773E+17
3146,0.0039,4.16779E+17
3147,0.0046,4.16787E+17
3148,0.0053,4.16795E+17
3149,0.006,4.16805E+17
3150,0.006585,4.16815E+17
3151,0.00648,4.16825E+17
3152,0.00626,4.16835E+17
3153,0.00604,4.16845E+17
3154,0.00582,4.16854E+17
3155,0.0057175,4.16863E+17
3156,0.00632,4.16873E+17
3157,0.00704,4.16884E+17
3158,0.00776,4.16897E+17
3159,0.00848,4.1691E+17
3160,0.00923,4.16925E+17
3161,0.01016,4.16941E+17
3162,0.01112,4.16959E+17
3163,0.01208,4.16978E+17
3164,0.01304,4.16999E+17
3165,0.0138425,4.17021E+17
3166,0.0137,4.17042E+17
3167,0.0134,4.17064E+17
3168,0.0131,4.17085E+17
3169,0.0128,4.17105E+17
3170,0.012455,4.17125E+17
3171,0.01184,4.17144E+17
3172,0.01118,4.17162E+17
3173,0.01052,4.17178E+17
3174,0.00986,4.17194E+17
3175,0.0093175,4.17209E+17
3176,0.00948,4.17224E+17
3177,0.00976,4.1724E+17
3178,0.01004,4.17256E+17
3179,0.01032,4.17272E+17
3180,0.0105025,4.17289E+17
3181,0.0101,4.17305E+17
3182,0.0096,4.17321E+17
3183,0.0091,4.17335E+17
3184,0.0086,4.17349E+17
3185,0.008065,4.17362E+17
3186,0.00732,4.17374E+17
3187,0.00654,4.17384E+17
3188,0.00576,4.17393E+17
3189,0.00498,4.17401E+17
3190,0.00426,4.17408E+17
3191,0.0039,4.17415E+17
3192,0.0036,4.1742E+17
3193,0.0033,4.17426E+17
3194,0.003,4.1743E+17
3195,0.00268,4.17435E+17
3196,0.00224,4.17438E+17
3197,0.00178,4.17441E+17
3198,0.00132,4.17443E+17
3199,0.00086,4.17445E+17
3200,0.000455,4.17445E+17
3201,0.00038,4.17446E+17
3202,0.00036,4.17447E+17
3203,0.00034,4.17447E+17
3204,0.00032,4.17448E+17
3205,0.0002975,4.17448E+17
3206,0.00026,4.17449E+17
3207,0.00022,4.17449E+17
3208,0.00018,4.17449E+17
3209,0.00014,4.1745E+17
3210,0.000115,4.1745E+17
3211,0.00018,4.1745E+17
3212,0.00026,4.1745E+17
3213,0.00034,4.17451E+17
3214,0.00042,4.17452E+17
3215,0.0005175,4.17452E+17
3216,0.00072,4.17454E+17
3217,0.00094,4.17455E+17
3218,0.00116,4.17457E+17
3219,0.00138,4.17459E+17
3220,0.0015375,4.17462E+17
3221,0.00132,4.17464E+17
3222,0.00104,4.17466E+17
3223,0.00076,4.17467E+17
3224,0.00048,4.17468E+17
3225,0.0002375,4.17468E+17
3226,0.00022,4.17468E+17
3227,0.00024,4.17469E+17
3228,0.00026,4.17469E+17
3229,0.00028,4.1747E+17
3230,0.0004725,4.1747E+17
3231,0.0017,4.17473E+17
3232,0.0031,4.17478E+17
3233,0.0045,4.17485E+17
3234,0.0059,4.17495E+17
3235,0.007035,4.17507E+17
3236,0.00658,4.17517E+17
3237,0.00586,4.17527E+17
3238,0.00514,4.17535E+17
3239,0.00442,4.17542E+17
3240,0.003715,4.17548E+17
3241,0.0031,4.17553E+17
3242,0.0025,4.17558E+17
3243,0.0019,4.17561E+17
3244,0.0013,4.17563E+17
3245,0.0008225,4.17564E+17
3246,0.00108,4.17566E+17
3247,0.00146,4.17568E+17
3248,0.00184,4.17571E+17
3249,0.00222,4.17575E+17
3250,0.002735,4.17579E+17
3251,0.00406,4.17586E+17
3252,0.00552,4.17595E+17
3253,0.00698,4.17606E+17
3254,0.00844,4.1762E+17
3255,0.0095,4.17636E+17
3256,0.00816,4.17649E+17
3257,0.00642,4.1766E+17
3258,0.00468,4.17667E+17
3259,0.00294,4.17672E+17
3260,0.0014475,4.17675E+17
3261,0.00144,4.17677E+17
3262,0.00168,4.1768E+17
3263,0.00192,4.17683E+17
3264,0.00216,4.17686E+17
3265,0.00234,4.1769E+17
3266,0.00216,4.17694E+17
3267,0.00192,4.17697E+17
3268,0.00168,4.177E+17
3269,0.00144,4.17702E+17
3270,0.0013475,4.17704E+17
3271,0.00214,4.17708E+17
3272,0.00308,4.17713E+17
3273,0.00402,4.1772E+17
3274,0.00496,4.17728E+17
3275,0.0057075,4.17737E+17
3276,0.0053,4.17746E+17
3277,0.0047,4.17754E+17
3278,0.0041,4.1776E+17
3279,0.0035,4.17766E+17
3280,0.00318,4.17771E+17
3281,0.00454,4.17779E+17
3282,0.00618,4.17789E+17
3283,0.00782,4.17802E+17
3284,0.00946,4.17818E+17
3285,0.010835,4.17836E+17
3286,0.01062,4.17853E+17
3287,0.01014,4.1787E+17
3288,0.00966,4.17886E+17
3289,0.00918,4.17901E+17
3290,0.0085725,4.17915E+17
3291,0.0072,4.17927E+17
3292,0.0057,4.17937E+17
3293,0.0042,4.17944E+17
3294,0.0027,4.17948E+17
3295,0.0014025,4.1795E+17
3296,0.00132,4.17953E+17
3297,0.00144,4.17955E+17
3298,0.00156,4.17957E+17
3299,0.00168,4.1796E+17
3300,0.0018375,4.17963E+17
3301,0.00222,4.17967E+17
3302,0.00264,4.17971E+17
3303,0.00306,4.17976E+17
3304,0.00348,4.17982E+17
3305,0.0038475,4.17989E+17
3306,0.0039,4.17995E+17
3307,0.0039,4.18002E+17
3308,0.0039,4.18008E+17
3309,0.0039,4.18015E+17
3310,0.0038025,4.18021E+17
3311,0.00312,4.18026E+17
3312,0.00234,4.1803E+17
3313,0.00156,4.18033E+17
3314,0.00078,4.18034E+17
3315,1E-04,4.18034E+17
3316,0.00002,4.18034E+17
3317,0.00004,4.18034E+17
3318,0.00006,4.18034E+17
3319,0.00008,4.18034E+17
3320,0.0001825,4.18035E+17
3321,0.00078,4.18036E+17
3322,0.00146,4.18039E+17
3323,0.00214,4.18042E+17
3324,0.00282,4.18047E+17
3325,0.0034425,4.18053E+17
3326,0.00372,4.18059E+17
3327,0.00394,4.18065E+17
3328,0.00416,4.18072E+17
3329,0.00438,4.1808E+17
3330,0.0046825,4.18088E+17
3331,0.00548,4.18097E+17
3332,0.00636,4.18107E+17
3333,0.00724,4.1812E+17
3334,0.00812,4.18133E+17
3335,0.0087525,4.18148E+17
3336,0.0079,4.18161E+17
3337,0.0068,4.18172E+17
3338,0.0057,4.18182E+17
3339,0.0046,4.1819E+17
3340,0.0036375,4.18196E+17
3341,0.0035,4.18202E+17
3342,0.0035,4.18208E+17
3343,0.0035,4.18214E+17
3344,0.0035,4.18219E+17
3345,0.0036125,4.18226E+17
3346,0.0044,4.18233E+17
3347,0.0053,4.18242E+17
3348,0.0062,4.18252E+17
3349,0.0071,4.18264E+17
3350,0.0077775,4.18277E+17
3351,0.00712,4.18289E+17
3352,0.00624,4.183E+17
3353,0.00536,4.18309E+17
3354,0.00448,4.18317E+17
3355,0.00375,4.18323E+17
3356,0.00392,4.18329E+17
3357,0.00424,4.18337E+17
3358,0.00456,4.18344E+17
3359,0.00488,4.18353E+17
3360,0.00521,4.18361E+17
3361,0.0056,4.18371E+17
3362,0.006,4.18381E+17
3363,0.0064,4.18392E+17
3364,0.0068,4.18403E+17
3365,0.0070675,4.18415E+17
3366,0.00654,4.18426E+17
3367,0.00588,4.18436E+17
3368,0.00522,4.18445E+17
3369,0.00456,4.18453E+17
3370,0.004095,4.1846E+17
3371,0.0048,4.18468E+17
3372,0.0057,4.18478E+17
3373,0.0066,4.18489E+17
3374,0.0075,4.18502E+17
3375,0.008205,4.18516E+17
3376,0.00774,4.18529E+17
3377,0.00708,4.18541E+17
3378,0.00642,4.18552E+17
3379,0.00576,4.18561E+17
3380,0.0052425,4.1857E+17
3381,0.00558,4.1858E+17
3382,0.00606,4.1859E+17
3383,0.00654,4.18601E+17
3384,0.00702,4.18613E+17
3385,0.0074975,4.18626E+17
3386,0.00796,4.1864E+17
3387,0.00842,4.18654E+17
3388,0.00888,4.18669E+17
3389,0.00934,4.18685E+17
3390,0.009735,4.18702E+17
3391,0.00974,4.18718E+17
3392,0.00968,4.18735E+17
3393,0.00962,4.18751E+17
3394,0.00956,4.18767E+17
3395,0.0095825,4.18784E+17
3396,0.0101,4.18801E+17
3397,0.0107,4.18819E+17
3398,0.0113,4.18839E+17
3399,0.0119,4.18859E+17
3400,0.0122225,4.1888E+17
3401,0.01088,4.18899E+17
3402,0.00926,4.18914E+17
3403,0.00764,4.18927E+17
3404,0.00602,4.18938E+17
3405,0.00467,4.18946E+17
3406,0.00494,4.18954E+17
3407,0.00548,4.18964E+17
3408,0.00602,4.18974E+17
3409,0.00656,4.18985E+17
3410,0.0070375,4.18997E+17
3411,0.00714,4.1901E+17
3412,0.00718,4.19022E+17
3413,0.00722,4.19034E+17
3414,0.00726,4.19047E+17
3415,0.00744,4.19059E+17
3416,0.00846,4.19074E+17
3417,0.00962,4.19091E+17
3418,0.01078,4.19109E+17
3419,0.01194,4.1913E+17
3420,0.0128775,4.19152E+17
3421,0.01248,4.19173E+17
3422,0.01186,4.19194E+17
3423,0.01124,4.19213E+17
3424,0.01062,4.19231E+17
3425,0.010045,4.19249E+17
3426,0.00974,4.19265E+17
3427,0.00948,4.19282E+17
3428,0.00922,4.19298E+17
3429,0.00896,4.19313E+17
3430,0.0088025,4.19328E+17
3431,0.00926,4.19344E+17
3432,0.00982,4.19361E+17
3433,0.01038,4.19379E+17
3434,0.01094,4.19398E+17
3435,0.0113425,4.19418E+17
3436,0.0108,4.19436E+17
3437,0.0101,4.19454E+17
3438,0.0094,4.1947E+17
3439,0.0087,4.19485E+17
3440,0.00817,4.19499E+17
3441,0.00866,4.19514E+17
3442,0.00932,4.1953E+17
3443,0.00998,4.19548E+17
3444,0.01064,4.19566E+17
3445,0.0112125,4.19586E+17
3446,0.01126,4.19605E+17
3447,0.01122,4.19625E+17
3448,0.01118,4.19644E+17
3449,0.01114,4.19663E+17
3450,0.011035,4.19682E+17
3451,0.01054,4.19701E+17
3452,0.00998,4.19718E+17
3453,0.00942,4.19734E+17
3454,0.00886,4.1975E+17
3455,0.008475,4.19765E+17
3456,0.00914,4.1978E+17
3457,0.00998,4.19798E+17
3458,0.01082,4.19817E+17
3459,0.01166,4.19837E+17
3460,0.0123275,4.19858E+17
3461,0.01196,4.19879E+17
3462,0.01142,4.19899E+17
3463,0.01088,4.19918E+17
3464,0.01034,4.19936E+17
3465,0.0099275,4.19953E+17
3466,0.01028,4.19971E+17
3467,0.01076,4.1999E+17
3468,0.01124,4.2001E+17
3469,0.01172,4.2003E+17
3470,0.0121075,4.20051E+17
3471,0.01194,4.20072E+17
3472,0.01168,4.20093E+17
3473,0.01142,4.20112E+17
3474,0.01116,4.20132E+17
3475,0.01094,4.20151E+17
3476,0.01096,4.2017E+17
3477,0.01102,4.2019E+17
3478,0.01108,4.20209E+17
3479,0.01114,4.20228E+17
3480,0.011215,4.20248E+17
3481,0.01138,4.20268E+17
3482,0.01156,4.20288E+17
3483,0.01174,4.20309E+17
3484,0.01192,4.2033E+17
3485,0.012035,4.20351E+17
3486,0.01176,4.20371E+17
3487,0.01142,4.20391E+17
3488,0.01108,4.20411E+17
3489,0.01074,4.2043E+17
3490,0.0104875,4.20448E+17
3491,0.01076,4.20467E+17
3492,0.01112,4.20487E+17
3493,0.01148,4.20507E+17
3494,0.01184,4.20528E+17
3495,0.0121475,4.20549E+17
3496,0.01214,4.2057E+17
3497,0.01208,4.20592E+17
3498,0.01202,4.20613E+17
3499,0.01196,4.20634E+17
3500,0.011905,4.20655E+17
3501,0.01188,4.20676E+17
3502,0.01186,4.20697E+17
3503,0.01184,4.20717E+17
3504,0.01182,4.20738E+17
3505,0.011805,4.20759E+17
3506,0.01182,4.2078E+17
3507,0.01184,4.20801E+17
3508,0.01186,4.20822E+17
3509,0.01188,4.20843E+17
3510,0.0118875,4.20864E+17
3511,0.01182,4.20885E+17
3512,0.01174,4.20905E+17
3513,0.01166,4.20926E+17
3514,0.01158,4.20946E+17
3515,0.011525,4.20967E+17
3516,0.01162,4.20987E+17
3517,0.01174,4.21008E+17
3518,0.01186,4.21029E+17
3519,0.01198,4.2105E+17
3520,0.0120675,4.21072E+17
3521,0.01196,4.21093E+17
3522,0.01182,4.21114E+17
3523,0.01168,4.21135E+17
3524,0.01154,4.21155E+17
3525,0.01141,4.21175E+17
3526,0.01134,4.21195E+17
3527,0.01128,4.21215E+17
3528,0.01122,4.21235E+17
3529,0.01116,4.21255E+17
3530,0.011065,4.21275E+17
3531,0.01076,4.21294E+17
3532,0.01042,4.21312E+17
3533,0.01008,4.2133E+17
3534,0.00974,4.21348E+17
3535,0.0094325,4.21364E+17
3536,0.00932,4.21381E+17
3537,0.00924,4.21397E+17
3538,0.00916,4.21414E+17
3539,0.00908,4.2143E+17
3540,0.0090225,4.21446E+17
3541,0.0091,4.21462E+17
3542,0.0092,4.21479E+17
3543,0.0093,4.21495E+17
3544,0.0094,4.21512E+17
3545,0.0095125,4.21529E+17
3546,0.0097,4.21546E+17
3547,0.0099,4.21564E+17
3548,0.0101,4.21582E+17
3549,0.0103,4.216E+17
3550,0.0104375,4.21619E+17
3551,0.0102,4.21637E+17
3552,0.0099,4.21655E+17
3553,0.0096,4.21672E+17
3554,0.0093,4.21689E+17
3555,0.0090825,4.21705E+17
3556,0.00936,4.21722E+17
3557,0.00972,4.21739E+17
3558,0.01008,4.21757E+17
3559,0.01044,4.21776E+17
3560,0.010755,4.21795E+17
3561,0.0108,4.21814E+17
3562,0.0108,4.21834E+17
3563,0.0108,4.21853E+17
3564,0.0108,4.21872E+17
3565,0.0107375,4.21892E+17
3566,0.0103,4.2191E+17
3567,0.0098,4.21928E+17
3568,0.0093,4.21944E+17
3569,0.0088,4.2196E+17
3570,0.00837,4.21975E+17
3571,0.00836,4.2199E+17
3572,0.00842,4.22005E+17
3573,0.00848,4.22021E+17
3574,0.00854,4.22036E+17
3575,0.0086325,4.22052E+17
3576,0.00892,4.22068E+17
3577,0.00924,4.22084E+17
3578,0.00956,4.22101E+17
3579,0.00988,4.22119E+17
3580,0.0101325,4.22137E+17
3581,0.00998,4.22155E+17
3582,0.00976,4.22173E+17
3583,0.00954,4.2219E+17
3584,0.00932,4.22207E+17
3585,0.009135,4.22223E+17
3586,0.00916,4.2224E+17
3587,0.00922,4.22257E+17
3588,0.00928,4.22273E+17
3589,0.00934,4.2229E+17
3590,0.0093975,4.22307E+17
3591,0.00944,4.22324E+17
3592,0.00948,4.22341E+17
3593,0.00952,4.22359E+17
3594,0.00956,4.22376E+17
3595,0.00961,4.22393E+17
3596,0.00972,4.22411E+17
3597,0.00984,4.22429E+17
3598,0.00996,4.22447E+17
3599,0.01008,4.22465E+17
3600,0.0101875,4.22483E+17
3601,0.01022,4.22502E+17
3602,0.01024,4.2252E+17
3603,0.01026,4.22539E+17
3604,0.01028,4.22558E+17
3605,0.0102775,4.22576E+17
3606,0.01014,4.22595E+17
3607,0.00998,4.22613E+17
3608,0.00982,4.22631E+17
3609,0.00966,4.22648E+17
3610,0.0095175,4.22666E+17
3611,0.00948,4.22683E+17
3612,0.00946,4.227E+17
3613,0.00944,4.22717E+17
3614,0.00942,4.22734E+17
3615,0.0094575,4.22751E+17
3616,0.00984,4.22769E+17
3617,0.01028,4.22788E+17
3618,0.01072,4.22808E+17
3619,0.01116,4.22828E+17
3620,0.01151,4.22849E+17
3621,0.01132,4.22869E+17
3622,0.01104,4.2289E+17
3623,0.01076,4.22909E+17
3624,0.01048,4.22928E+17
3625,0.0102275,4.22947E+17
3626,0.01014,4.22965E+17
3627,0.01008,4.22984E+17
3628,0.01002,4.23002E+17
3629,0.00996,4.2302E+17
3630,0.0099175,4.23038E+17
3631,0.00998,4.23057E+17
3632,0.01006,4.23075E+17
3633,0.01014,4.23094E+17
3634,0.01022,4.23112E+17
3635,0.0103175,4.23131E+17
3636,0.01052,4.2315E+17
3637,0.01074,4.2317E+17
3638,0.01096,4.2319E+17
3639,0.01118,4.23211E+17
3640,0.0113525,4.23231E+17
3641,0.01124,4.23252E+17
3642,0.01108,4.23272E+17
3643,0.01092,4.23292E+17
3644,0.01076,4.23312E+17
3645,0.0106075,4.23331E+17
3646,0.0105,4.23351E+17
3647,0.0104,4.2337E+17
3648,0.0103,4.23389E+17
3649,0.0102,4.23407E+17
3650,0.0101325,4.23426E+17
3651,0.01026,4.23445E+17
3652,0.01042,4.23464E+17
3653,0.01058,4.23483E+17
3654,0.01074,4.23503E+17
3655,0.01088,4.23523E+17
3656,0.0109,4.23543E+17
3657,0.0109,4.23563E+17
3658,0.0109,4.23583E+17
3659,0.0109,4.23603E+17
3660,0.0108825,4.23623E+17
3661,0.01076,4.23643E+17
3662,0.01062,4.23663E+17
3663,0.01048,4.23682E+17
3664,0.01034,4.23701E+17
3665,0.01016,4.2372E+17
3666,0.00974,4.23738E+17
3667,0.00928,4.23755E+17
3668,0.00882,4.23771E+17
3669,0.00836,4.23787E+17
3670,0.00788,4.23801E+17
3671,0.00728,4.23815E+17
3672,0.00666,4.23827E+17
3673,0.00604,4.23838E+17
3674,0.00542,4.23848E+17
3675,0.004965,4.23857E+17
3676,0.0055,4.23868E+17
3677,0.0062,4.23879E+17
3678,0.0069,4.23892E+17
3679,0.0076,4.23906E+17
3680,0.00824,4.23921E+17
3681,0.00852,4.23937E+17
3682,0.00874,4.23953E+17
3683,0.00896,4.2397E+17
3684,0.00918,4.23987E+17
3685,0.00938,4.24004E+17
3686,0.00946,4.24022E+17
3687,0.00952,4.24039E+17
3688,0.00958,4.24057E+17
3689,0.00964,4.24075E+17
3690,0.0097025,4.24093E+17
3691,0.00978,4.24111E+17
3692,0.00986,4.24129E+17
3693,0.00994,4.24148E+17
3694,0.01002,4.24167E+17
3695,0.0101075,4.24185E+17
3696,0.01024,4.24204E+17
3697,0.01038,4.24224E+17
3698,0.01052,4.24243E+17
3699,0.01066,4.24263E+17
3700,0.01078,4.24283E+17
3701,0.01078,4.24303E+17
3702,0.01076,4.24323E+17
3703,0.01074,4.24343E+17
3704,0.01072,4.24363E+17
3705,0.0106675,4.24383E+17
3706,0.01042,4.24403E+17
3707,0.01014,4.24421E+17
3708,0.00986,4.2444E+17
3709,0.00958,4.24458E+17
3710,0.0093325,4.24475E+17
3711,0.00928,4.24492E+17
3712,0.00926,4.2451E+17
3713,0.00924,4.24527E+17
3714,0.00922,4.24544E+17
3715,0.00923,4.24562E+17
3716,0.00942,4.24579E+17
3717,0.00964,4.24597E+17
3718,0.00986,4.24616E+17
3719,0.01008,4.24634E+17
3720,0.0102825,4.24654E+17
3721,0.01038,4.24673E+17
3722,0.01046,4.24693E+17
3723,0.01054,4.24712E+17
3724,0.01062,4.24732E+17
3725,0.0106525,4.24752E+17
3726,0.0104,4.24772E+17
3727,0.0101,4.24791E+17
3728,0.0098,4.24809E+17
3729,0.0095,4.24827E+17
3730,0.0092225,4.24844E+17
3731,0.00908,4.24861E+17
3732,0.00896,4.24878E+17
3733,0.00884,4.24895E+17
3734,0.00872,4.24911E+17
3735,0.00862,4.24927E+17
3736,0.00864,4.24944E+17
3737,0.00868,4.2496E+17
3738,0.00872,4.24976E+17
3739,0.00876,4.24993E+17
3740,0.0088325,4.25009E+17
3741,0.0091,4.25027E+17
3742,0.0094,4.25044E+17
3743,0.0097,4.25062E+17
3744,0.01,4.25081E+17
3745,0.0102375,4.25101E+17
3746,0.0101,4.2512E+17
3747,0.0099,4.25138E+17
3748,0.0097,4.25157E+17
3749,0.0095,4.25174E+17
3750,0.0093175,4.25192E+17
3751,0.00924,4.2521E+17
3752,0.00918,4.25227E+17
3753,0.00912,4.25244E+17
3754,0.00906,4.25261E+17
3755,0.0090025,4.25278E+17
3756,0.00896,4.25295E+17
3757,0.00892,4.25312E+17
3758,0.00888,4.25329E+17
3759,0.00884,4.25345E+17
3760,0.0087975,4.25362E+17
3761,0.00874,4.25379E+17
3762,0.00868,4.25395E+17
3763,0.00862,4.25411E+17
3764,0.00856,4.25428E+17
3765,0.0085225,4.25444E+17
3766,0.00862,4.2546E+17
3767,0.00874,4.25477E+17
3768,0.00886,4.25493E+17
3769,0.00898,4.2551E+17
3770,0.0090825,4.25528E+17
3771,0.00908,4.25545E+17
3772,0.00906,4.25562E+17
3773,0.00904,4.25579E+17
3774,0.00902,4.25596E+17
3775,0.009015,4.25614E+17
3776,0.0091,4.25631E+17
3777,0.0092,4.25648E+17
3778,0.0093,4.25666E+17
3779,0.0094,4.25684E+17
3780,0.00947,4.25702E+17
3781,0.00936,4.2572E+17
3782,0.00922,4.25737E+17
3783,0.00908,4.25754E+17
3784,0.00894,4.25772E+17
3785,0.00879,4.25788E+17
3786,0.00858,4.25805E+17
3787,0.00836,4.25821E+17
3788,0.00814,4.25836E+17
3789,0.00792,4.25851E+17
3790,0.007755,4.25866E+17
3791,0.00792,4.25881E+17
3792,0.00814,4.25897E+17
3793,0.00836,4.25912E+17
3794,0.00858,4.25929E+17
3795,0.0087975,4.25946E+17
3796,0.009,4.25963E+17
3797,0.0092,4.2598E+17
3798,0.0094,4.25998E+17
3799,0.0096,4.26017E+17
3800,0.0097625,4.26035E+17
3801,0.0097,4.26054E+17
3802,0.0096,4.26072E+17
3803,0.0095,4.2609E+17
3804,0.0094,4.26108E+17
3805,0.009285,4.26126E+17
3806,0.00908,4.26144E+17
3807,0.00886,4.26161E+17
3808,0.00864,4.26177E+17
3809,0.00842,4.26193E+17
3810,0.008215,4.26209E+17
3811,0.0081,4.26225E+17
3812,0.008,4.2624E+17
3813,0.0079,4.26255E+17
3814,0.0078,4.2627E+17
3815,0.00776,4.26285E+17
3816,0.00808,4.263E+17
3817,0.00846,4.26317E+17
3818,0.00884,4.26334E+17
3819,0.00922,4.26351E+17
3820,0.00955,4.2637E+17
3821,0.00958,4.26388E+17
3822,0.00956,4.26407E+17
3823,0.00954,4.26425E+17
3824,0.00952,4.26443E+17
3825,0.009505,4.26461E+17
3826,0.00952,4.2648E+17
3827,0.00954,4.26498E+17
3828,0.00956,4.26517E+17
3829,0.00958,4.26535E+17
3830,0.00955,4.26553E+17
3831,0.00922,4.26571E+17
3832,0.00884,4.26588E+17
3833,0.00846,4.26605E+17
3834,0.00808,4.2662E+17
3835,0.0077775,4.26635E+17
3836,0.00794,4.26651E+17
3837,0.00818,4.26666E+17
3838,0.00842,4.26683E+17
3839,0.00866,4.26699E+17
3840,0.0088675,4.26716E+17
3841,0.00888,4.26734E+17
3842,0.00886,4.26751E+17
3843,0.00884,4.26768E+17
3844,0.00882,4.26785E+17
3845,0.0088025,4.26802E+17
3846,0.0088,4.26819E+17
3847,0.0088,4.26836E+17
3848,0.0088,4.26853E+17
3849,0.0088,4.2687E+17
3850,0.0087925,4.26887E+17
3851,0.00874,4.26904E+17
3852,0.00868,4.26921E+17
3853,0.00862,4.26937E+17
3854,0.00856,4.26954E+17
3855,0.008495,4.26971E+17
3856,0.0084,4.26987E+17
3857,0.0083,4.27003E+17
3858,0.0082,4.27019E+17
3859,0.0081,4.27035E+17
3860,0.008015,4.2705E+17
3861,0.00802,4.27066E+17
3862,0.00804,4.27081E+17
3863,0.00806,4.27097E+17
3864,0.00808,4.27113E+17
3865,0.0080775,4.27128E+17
3866,0.00794,4.27144E+17
3867,0.00778,4.27159E+17
3868,0.00762,4.27174E+17
3869,0.00746,4.27188E+17
3870,0.007305,4.27203E+17
3871,0.00718,4.27217E+17
3872,0.00706,4.2723E+17
3873,0.00694,4.27244E+17
3874,0.00682,4.27257E+17
3875,0.00671,4.2727E+17
3876,0.00666,4.27283E+17
3877,0.00662,4.27296E+17
3878,0.00658,4.27309E+17
3879,0.00654,4.27322E+17
3880,0.0065125,4.27334E+17
3881,0.00656,4.27347E+17
3882,0.00662,4.2736E+17
3883,0.00668,4.27373E+17
3884,0.00674,4.27386E+17
3885,0.006795,4.274E+17
3886,0.00682,4.27413E+17
3887,0.00684,4.27426E+17
3888,0.00686,4.2744E+17
3889,0.00688,4.27453E+17
3890,0.0069125,4.27467E+17
3891,0.00702,4.27481E+17
3892,0.00714,4.27495E+17
3893,0.00726,4.27509E+17
3894,0.00738,4.27523E+17
3895,0.007495,4.27538E+17
3896,0.00758,4.27553E+17
3897,0.00766,4.27568E+17
3898,0.00774,4.27583E+17
3899,0.00782,4.27598E+17
3900,0.00789,4.27614E+17
3901,0.0079,4.27629E+17
3902,0.0079,4.27645E+17
3903,0.0079,4.2766E+17
3904,0.0079,4.27676E+17
3905,0.00788,4.27691E+17
3906,0.00774,4.27707E+17
3907,0.00758,4.27721E+17
3908,0.00742,4.27736E+17
3909,0.00726,4.2775E+17
3910,0.0071175,4.27764E+17
3911,0.00708,4.27778E+17
3912,0.00706,4.27792E+17
3913,0.00704,4.27806E+17
3914,0.00702,4.2782E+17
3915,0.007,4.27834E+17
3916,0.00698,4.27847E+17
3917,0.00696,4.27861E+17
3918,0.00694,4.27875E+17
3919,0.00692,4.27888E+17
3920,0.0069,4.27902E+17
3921,0.00688,4.27916E+17
3922,0.00686,4.27929E+17
3923,0.00684,4.27943E+17
3924,0.00682,4.27956E+17
3925,0.0068075,4.27969E+17
3926,0.00684,4.27983E+17
3927,0.00688,4.27997E+17
3928,0.00692,4.2801E+17
3929,0.00696,4.28024E+17
3930,0.0070025,4.28038E+17
3931,0.00706,4.28052E+17
3932,0.00712,4.28066E+17
3933,0.00718,4.2808E+17
3934,0.00724,4.28094E+17
3935,0.007295,4.28109E+17
3936,0.00732,4.28123E+17
3937,0.00734,4.28138E+17
3938,0.00736,4.28153E+17
3939,0.00738,4.28167E+17
3940,0.0074,4.28182E+17
3941,0.00742,4.28197E+17
3942,0.00744,4.28211E+17
3943,0.00746,4.28226E+17
3944,0.00748,4.28241E+17
3945,0.0075,4.28256E+17
3946,0.00752,4.28271E+17
3947,0.00754,4.28286E+17
3948,0.00756,4.28301E+17
3949,0.00758,4.28316E+17
3950,0.0076,4.28331E+17
3951,0.00762,4.28346E+17
3952,0.00764,4.28361E+17
3953,0.00766,4.28376E+17
3954,0.00768,4.28392E+17
3955,0.0076975,4.28407E+17
3956,0.0077,4.28422E+17
3957,0.0077,4.28438E+17
3958,0.0077,4.28453E+17
3959,0.0077,4.28468E+17
3960,0.0077025,4.28484E+17
3961,0.00772,4.28499E+17
3962,0.00774,4.28515E+17
3963,0.00776,4.2853E+17
3964,0.00778,4.28546E+17
3965,0.007795,4.28561E+17
3966,0.00778,4.28577E+17
3967,0.00776,4.28592E+17
3968,0.00774,4.28608E+17
3969,0.00772,4.28623E+17
3970,0.0076975,4.28638E+17
3971,0.00766,4.28654E+17
3972,0.00762,4.28669E+17
3973,0.00758,4.28684E+17
3974,0.00754,4.28699E+17
3975,0.0075025,4.28714E+17
3976,0.00748,4.28729E+17
3977,0.00746,4.28744E+17
3978,0.00744,4.28759E+17
3979,0.00742,4.28774E+17
3980,0.0074025,4.28789E+17
3981,0.0074,4.28803E+17
3982,0.0074,4.28818E+17
3983,0.0074,4.28833E+17
3984,0.0074,4.28848E+17
3985,0.0074,4.28863E+17
3986,0.0074,4.28878E+17
3987,0.0074,4.28892E+17
3988,0.0074,4.28907E+17
3989,0.0074,4.28922E+17
3990,0.007395,4.28937E+17
3991,0.00736,4.28952E+17
3992,0.00732,4.28966E+17
3993,0.00728,4.28981E+17
3994,0.00724,4.28996E+17
3995,0.0072025,4.2901E+17
3996,0.00718,4.29024E+17
3997,0.00716,4.29039E+17
3998,0.00714,4.29053E+17
3999,0.00712,4.29068E+17
4000,0.0071,4.29075E+17
